Workbook

Sheet Image_Rename
A1: NO | B1: PANEL DATA | C1: AREA | D1: Attribute | E1: File Path (Insert Your File Path Here) | F1: Current Image File | G1: New Image File | H1: Paste this on bat file
A2: 1 | B2: Overview 33 | C2: OVERVIEW FRONT (LHS) | D2: VISUAL IMAGE | F2: =IF(E2="", "", TRIM(RIGHT(SUBSTITUTE(E2, "\", REPT(" ", LEN(E2))), LEN(E2)))) | G2: 1.jpg | H2: ="ren """ & F2 & """ """ & G2 & """" -> ren "" "1.jpg"
A3: 2 | B3: Overview 33 | C3: OVERVIEW FRONT (LHS) | D3: IR IMAGE | F3: =IF(E3="", "", TRIM(RIGHT(SUBSTITUTE(E3, "\", REPT(" ", LEN(E3))), LEN(E3)))) | G3: 2.jpg | H3: ="ren """ & F3 & """ """ & G3 & """" -> ren "" "2.jpg"
A4: 3 | B4: Overview 33 | C4: OVERVIEW FRONT (RHS) | D4: VISUAL IMAGE | F4: =IF(E4="", "", TRIM(RIGHT(SUBSTITUTE(E4, "\", REPT(" ", LEN(E4))), LEN(E4)))) | G4: 3.jpg | H4: ="ren """ & F4 & """ """ & G4 & """" -> ren "" "3.jpg"
A5: 4 | B5: Overview 33 | C5: OVERVIEW FRONT (RHS) | D5: IR IMAGE | F5: =IF(E5="", "", TRIM(RIGHT(SUBSTITUTE(E5, "\", REPT(" ", LEN(E5))), LEN(E5)))) | G5: 4.jpg | H5: ="ren """ & F5 & """ """ & G5 & """" -> ren "" "4.jpg"
A6: 5 | B6: Overview 33 | C6: OVERVIEW REAR (LHS) | D6: VISUAL IMAGE | F6: =IF(E6="", "", TRIM(RIGHT(SUBSTITUTE(E6, "\", REPT(" ", LEN(E6))), LEN(E6)))) | G6: 5.jpg | H6: ="ren """ & F6 & """ """ & G6 & """" -> ren "" "5.jpg"
A7: 6 | B7: Overview 33 | C7: OVERVIEW REAR (LHS) | D7: IR IMAGE | F7: =IF(E7="", "", TRIM(RIGHT(SUBSTITUTE(E7, "\", REPT(" ", LEN(E7))), LEN(E7)))) | G7: 6.jpg | H7: ="ren """ & F7 & """ """ & G7 & """" -> ren "" "6.jpg"
A8: 7 | B8: Overview 33 | C8: OVERVIEW REAR (RHS) | D8: VISUAL IMAGE | F8: =IF(E8="", "", TRIM(RIGHT(SUBSTITUTE(E8, "\", REPT(" ", LEN(E8))), LEN(E8)))) | G8: 7.jpg | H8: ="ren """ & F8 & """ """ & G8 & """" -> ren "" "7.jpg"
A9: 8 | B9: Overview 33 | C9: OVERVIEW REAR (RHS) | D9: IR IMAGE | F9: =IF(E9="", "", TRIM(RIGHT(SUBSTITUTE(E9, "\", REPT(" ", LEN(E9))), LEN(E9)))) | G9: 8.jpg | H9: ="ren """ & F9 & """ """ & G9 & """" -> ren "" "8.jpg"
A10: 9 | B10: Overview 33 | C10: OVERVIEW TOP (LHS) | D10: VISUAL IMAGE | F10: =IF(E10="", "", TRIM(RIGHT(SUBSTITUTE(E10, "\", REPT(" ", LEN(E10))), LEN(E10)))) | G10: 9.jpg | H10: ="ren """ & F10 & """ """ & G10 & """" -> ren "" "9.jpg"
A11: 10 | B11: Overview 33 | C11: OVERVIEW TOP (LHS) | D11: IR IMAGE | F11: =IF(E11="", "", TRIM(RIGHT(SUBSTITUTE(E11, "\", REPT(" ", LEN(E11))), LEN(E11)))) | G11: 10.jpg | H11: ="ren """ & F11 & """ """ & G11 & """" -> ren "" "10.jpg"
A12: 11 | B12: Overview 33 | C12: OVERVIEW TOP (RHS) | D12: VISUAL IMAGE | F12: =IF(E12="", "", TRIM(RIGHT(SUBSTITUTE(E12, "\", REPT(" ", LEN(E12))), LEN(E12)))) | G12: 11.jpg | H12: ="ren """ & F12 & """ """ & G12 & """" -> ren "" "11.jpg"
A13: 12 | B13: Overview 33 | C13: OVERVIEW TOP (RHS) | D13: IR IMAGE | F13: =IF(E13="", "", TRIM(RIGHT(SUBSTITUTE(E13, "\", REPT(" ", LEN(E13))), LEN(E13)))) | G13: 12.jpg | H13: ="ren """ & F13 & """ """ & G13 & """" -> ren "" "12.jpg"
... A905: 904 | B905: N.E.R | C905: OVERVIEW (LHS) | D905: IR IMAGE | F905: =IF(E905="", "", TRIM(RIGHT(SUBSTITUTE(E905, "\", REPT(" ", LEN(E905))), LEN(E905)))) | G905: 1556.jpg | H905: ="ren """ & F905 & """ """ & G905 & """" -> ren "" "1556.jpg"
A906: 905
A907: 906

Sheet Sheet1
A1: NO | B1: PANEL DATA | C1: AREA | D1: Attribute | E1: File Path (Insert Your File Path Here) | F1: Current Image File | G1: New Image File | H1: Paste this on bat file
A2: 1 | B2: Overview | C2: OVERVIEW | D2: VISUAL IMAGE | F2: =IF(E2="", "", TRIM(RIGHT(SUBSTITUTE(E2, "\", REPT(" ", LEN(E2))), LEN(E2)))) | G2: 1.jpg | H2: ="ren """ & F2 & """ """ & G2 & """" -> ren "" "1.jpg" | K2: Overview | L2: OVERVIEW | M2: 1.jpg
A3: 2 | B3: Overview | C3: OVERVIEW | D3: IR IMAGE | F3: =IF(E3="", "", TRIM(RIGHT(SUBSTITUTE(E3, "\", REPT(" ", LEN(E3))), LEN(E3)))) | G3: 2.jpg | H3: ="ren """ & F3 & """ """ & G3 & """" -> ren "" "2.jpg" | K3: Overview | L3: OVERVIEW | M3: 2.jpg
A4: 3 | B4: Overview | C4: OVERVIEW TOP | D4: VISUAL IMAGE | F4: =IF(E4="", "", TRIM(RIGHT(SUBSTITUTE(E4, "\", REPT(" ", LEN(E4))), LEN(E4)))) | G4: 3.jpg | H4: ="ren """ & F4 & """ """ & G4 & """" -> ren "" "3.jpg" | K4: Overview | L4: OVERVIEW TOP | M4: 3.jpg
A5: 4 | B5: Overview | C5: OVERVIEW TOP | D5: IR IMAGE | F5: =IF(E5="", "", TRIM(RIGHT(SUBSTITUTE(E5, "\", REPT(" ", LEN(E5))), LEN(E5)))) | G5: 4.jpg | H5: ="ren """ & F5 & """ """ & G5 & """" -> ren "" "4.jpg" | K5: Overview | L5: OVERVIEW TOP | M5: 4.jpg
A6: 5 | B6: Overview | C6: OVERVIEW BOTTOM | D6: VISUAL IMAGE | F6: =IF(E6="", "", TRIM(RIGHT(SUBSTITUTE(E6, "\", REPT(" ", LEN(E6))), LEN(E6)))) | G6: 5.jpg | H6: ="ren """ & F6 & """ """ & G6 & """" -> ren "" "5.jpg" | K6: Overview | L6: OVERVIEW BOTTOM | M6: 5.jpg
A7: 6 | B7: Overview | C7: OVERVIEW BOTTOM | D7: IR IMAGE | F7: =IF(E7="", "", TRIM(RIGHT(SUBSTITUTE(E7, "\", REPT(" ", LEN(E7))), LEN(E7)))) | G7: 6.jpg | H7: ="ren """ & F7 & """ """ & G7 & """" -> ren "" "6.jpg" | K7: Overview | L7: OVERVIEW BOTTOM | M7: 6.jpg
A8: 7 | B8: Overview | C8: OVERVIEW REAR | D8: VISUAL IMAGE | F8: =IF(E8="", "", TRIM(RIGHT(SUBSTITUTE(E8, "\", REPT(" ", LEN(E8))), LEN(E8)))) | G8: 7.jpg | H8: ="ren """ & F8 & """ """ & G8 & """" -> ren "" "7.jpg" | K8: Overview | L8: OVERVIEW REAR | M8: 7.jpg
A9: 8 | B9: Overview | C9: OVERVIEW REAR | D9: IR IMAGE | F9: =IF(E9="", "", TRIM(RIGHT(SUBSTITUTE(E9, "\", REPT(" ", LEN(E9))), LEN(E9)))) | G9: 8.jpg | H9: ="ren """ & F9 & """ """ & G9 & """" -> ren "" "8.jpg" | K9: Overview | L9: OVERVIEW REAR | M9: 8.jpg
A10: 9 | B10: Overview | C10: OVERVIEW SIDE (LHS) | D10: VISUAL IMAGE | F10: =IF(E10="", "", TRIM(RIGHT(SUBSTITUTE(E10, "\", REPT(" ", LEN(E10))), LEN(E10)))) | G10: 9.jpg | H10: ="ren """ & F10 & """ """ & G10 & """" -> ren "" "9.jpg" | K10: Overview | L10: OVERVIEW SIDE (LHS) | M10: 9.jpg
A11: 10 | B11: Overview | C11: OVERVIEW SIDE (LHS) | D11: IR IMAGE | F11: =IF(E11="", "", TRIM(RIGHT(SUBSTITUTE(E11, "\", REPT(" ", LEN(E11))), LEN(E11)))) | G11: 10.jpg | H11: ="ren """ & F11 & """ """ & G11 & """" -> ren "" "10.jpg" | K11: Overview | L11: OVERVIEW SIDE (LHS) | M11: 10.jpg
A12: 11 | B12: Overview | C12: OVERVIEW SIDE (RHS) | D12: VISUAL IMAGE | F12: =IF(E12="", "", TRIM(RIGHT(SUBSTITUTE(E12, "\", REPT(" ", LEN(E12))), LEN(E12)))) | G12: 11.jpg | H12: ="ren """ & F12 & """ """ & G12 & """" -> ren "" "11.jpg" | K12: Overview | L12: OVERVIEW SIDE (RHS) | M12: 11.jpg
A13: 12 | B13: Overview | C13: OVERVIEW SIDE (RHS) | D13: IR IMAGE | F13: =IF(E13="", "", TRIM(RIGHT(SUBSTITUTE(E13, "\", REPT(" ", LEN(E13))), LEN(E13)))) | G13: 12.jpg | H13: ="ren """ & F13 & """ """ & G13 & """" -> ren "" "12.jpg" | K13: Overview | L13: OVERVIEW SIDE (RHS) | M13: 12.jpg
... A101: 100 | B101: BATTERY BANK 4 | C101: OVERVIEW | D101: IR IMAGE | F101: =IF(E101="", "", TRIM(RIGHT(SUBSTITUTE(E101, "\", REPT(" ", LEN(E101))), LEN(E101)))) | G101: 100.jpg | H101: ="ren """ & F101 & """ """ & G101 & """" -> ren "" "100.jpg" | K101: BATTERY BANK 4 | L101: OVERVIEW | M101: 100.jpg

Sheet Image_Rename_VCB
A1: NO | B1: PANEL DATA | C1: AREA | E1: Attribute | F1: File Path (Insert Your File Path Here) | G1: Current Image File | H1: New Image File | I1: Paste this on bat file
A2: 25 | B2: Panel1 | C2: BREAKER COMPARTMENT | E2: VISUAL IMAGE | F2: C:\Users\aremi\Desktop\REPORT CBM\PO 42234207 - JOHOR - JBU - 400 PE IR US TEV\03. RAW MATERIAL\118. 18072026 MASJID KOTA ISKANDAR\IR\FLIR0173- photo.jpg | G2: =IF(F2="", "", TRIM(RIGHT(SUBSTITUTE(F2, "\", REPT(" ", LEN(F2))), LEN(F2)))) -> FLIR0173- photo.jpg | H2: 25.jpg | I2: ="ren """ & G2 & """ """ & H2 & """" -> ren "FLIR0173- photo.jpg" "25.jpg"
A3: 26 | B3: Panel1 | C3: BREAKER COMPARTMENT | E3: IR IMAGE | F3: C:\Users\aremi\Desktop\REPORT CBM\PO 42234207 - JOHOR - JBU - 400 PE IR US TEV\03. RAW MATERIAL\118. 18072026 MASJID KOTA ISKANDAR\IR\FLIR0173.jpg | G3: =IF(F3="", "", TRIM(RIGHT(SUBSTITUTE(F3, "\", REPT(" ", LEN(F3))), LEN(F3)))) -> FLIR0173.jpg | H3: 26.jpg | I3: ="ren """ & G3 & """ """ & H3 & """" -> ren "FLIR0173.jpg" "26.jpg"
A4: 41 | B4: Panel2 | C4: BREAKER COMPARTMENT | E4: VISUAL IMAGE | F4: C:\Users\aremi\Desktop\REPORT CBM\PO 42234207 - JOHOR - JBU - 400 PE IR US TEV\03. RAW MATERIAL\118. 18072026 MASJID KOTA ISKANDAR\IR\FLIR0174- photo.jpg | G4: =IF(F4="", "", TRIM(RIGHT(SUBSTITUTE(F4, "\", REPT(" ", LEN(F4))), LEN(F4)))) -> FLIR0174- photo.jpg | H4: 41.jpg | I4: ="ren """ & G4 & """ """ & H4 & """" -> ren "FLIR0174- photo.jpg" "41.jpg"
A5: 42 | B5: Panel2 | C5: BREAKER COMPARTMENT | E5: IR IMAGE | F5: C:\Users\aremi\Desktop\REPORT CBM\PO 42234207 - JOHOR - JBU - 400 PE IR US TEV\03. RAW MATERIAL\118. 18072026 MASJID KOTA ISKANDAR\IR\FLIR0174.jpg | G5: =IF(F5="", "", TRIM(RIGHT(SUBSTITUTE(F5, "\", REPT(" ", LEN(F5))), LEN(F5)))) -> FLIR0174.jpg | H5: 42.jpg | I5: ="ren """ & G5 & """ """ & H5 & """" -> ren "FLIR0174.jpg" "42.jpg"
A6: 57 | B6: Panel3 | C6: BREAKER COMPARTMENT | E6: VISUAL IMAGE | F6: C:\Users\aremi\Desktop\REPORT CBM\PO 42234207 - JOHOR - JBU - 400 PE IR US TEV\03. RAW MATERIAL\118. 18072026 MASJID KOTA ISKANDAR\IR\FLIR0175- photo.jpg | G6: =IF(F6="", "", TRIM(RIGHT(SUBSTITUTE(F6, "\", REPT(" ", LEN(F6))), LEN(F6)))) -> FLIR0175- photo.jpg | H6: 57.jpg | I6: ="ren """ & G6 & """ """ & H6 & """" -> ren "FLIR0175- photo.jpg" "57.jpg"
A7: 58 | B7: Panel3 | C7: BREAKER COMPARTMENT | E7: IR IMAGE | F7: C:\Users\aremi\Desktop\REPORT CBM\PO 42234207 - JOHOR - JBU - 400 PE IR US TEV\03. RAW MATERIAL\118. 18072026 MASJID KOTA ISKANDAR\IR\FLIR0175.jpg | G7: =IF(F7="", "", TRIM(RIGHT(SUBSTITUTE(F7, "\", REPT(" ", LEN(F7))), LEN(F7)))) -> FLIR0175.jpg | H7: 58.jpg | I7: ="ren """ & G7 & """ """ & H7 & """" -> ren "FLIR0175.jpg" "58.jpg"
A8: 73 | B8: Panel4 | C8: BREAKER COMPARTMENT | E8: VISUAL IMAGE | G8: =IF(F8="", "", TRIM(RIGHT(SUBSTITUTE(F8, "\", REPT(" ", LEN(F8))), LEN(F8)))) | H8: 73.jpg | I8: ="ren """ & G8 & """ """ & H8 & """" -> ren "" "73.jpg"
A9: 74 | B9: Panel4 | C9: BREAKER COMPARTMENT | E9: IR IMAGE | G9: =IF(F9="", "", TRIM(RIGHT(SUBSTITUTE(F9, "\", REPT(" ", LEN(F9))), LEN(F9)))) | H9: 74.jpg | I9: ="ren """ & G9 & """ """ & H9 & """" -> ren "" "74.jpg"
A10: 89 | B10: Panel5 | C10: BREAKER COMPARTMENT | E10: VISUAL IMAGE | G10: =IF(F10="", "", TRIM(RIGHT(SUBSTITUTE(F10, "\", REPT(" ", LEN(F10))), LEN(F10)))) | H10: 89.jpg | I10: ="ren """ & G10 & """ """ & H10 & """" -> ren "" "89.jpg"
A11: 90 | B11: Panel5 | C11: BREAKER COMPARTMENT | E11: IR IMAGE | G11: =IF(F11="", "", TRIM(RIGHT(SUBSTITUTE(F11, "\", REPT(" ", LEN(F11))), LEN(F11)))) | H11: 90.jpg | I11: ="ren """ & G11 & """ """ & H11 & """" -> ren "" "90.jpg"
A12: 105 | B12: Panel6 | C12: BREAKER COMPARTMENT | E12: VISUAL IMAGE | G12: =IF(F12="", "", TRIM(RIGHT(SUBSTITUTE(F12, "\", REPT(" ", LEN(F12))), LEN(F12)))) | H12: 105.jpg | I12: ="ren """ & G12 & """ """ & H12 & """" -> ren "" "105.jpg"
A13: 106 | B13: Panel6 | C13: BREAKER COMPARTMENT | E13: IR IMAGE | G13: =IF(F13="", "", TRIM(RIGHT(SUBSTITUTE(F13, "\", REPT(" ", LEN(F13))), LEN(F13)))) | H13: 106.jpg | I13: ="ren """ & G13 & """ """ & H13 & """" -> ren "" "106.jpg"
A14: 121 | B14: Panel7 | C14: BREAKER COMPARTMENT | E14: VISUAL IMAGE | G14: =IF(F14="", "", TRIM(RIGHT(SUBSTITUTE(F14, "\", REPT(" ", LEN(F14))), LEN(F14)))) | H14: 121.jpg | I14: ="ren """ & G14 & """ """ & H14 & """" -> ren "" "121.jpg"
A15: 122 | B15: Panel7 | C15: BREAKER COMPARTMENT | E15: IR IMAGE | G15: =IF(F15="", "", TRIM(RIGHT(SUBSTITUTE(F15, "\", REPT(" ", LEN(F15))), LEN(F15)))) | H15: 122.jpg | I15: ="ren """ & G15 & """ """ & H15 & """" -> ren "" "122.jpg"
A16: 137 | B16: Panel8 | C16: BREAKER COMPARTMENT | E16: VISUAL IMAGE | G16: =IF(F16="", "", TRIM(RIGHT(SUBSTITUTE(F16, "\", REPT(" ", LEN(F16))), LEN(F16)))) | H16: 137.jpg | I16: ="ren """ & G16 & """ """ & H16 & """" -> ren "" "137.jpg"
A17: 138 | B17: Panel8 | C17: BREAKER COMPARTMENT | E17: IR IMAGE | G17: =IF(F17="", "", TRIM(RIGHT(SUBSTITUTE(F17, "\", REPT(" ", LEN(F17))), LEN(F17)))) | H17: 138.jpg | I17: ="ren """ & G17 & """ """ & H17 & """" -> ren "" "138.jpg"
A18: 153 | B18: Panel9 | C18: BREAKER COMPARTMENT | E18: VISUAL IMAGE | G18: =IF(F18="", "", TRIM(RIGHT(SUBSTITUTE(F18, "\", REPT(" ", LEN(F18))), LEN(F18)))) | H18: 153.jpg | I18: ="ren """ & G18 & """ """ & H18 & """" -> ren "" "153.jpg"
A19: 154 | B19: Panel9 | C19: BREAKER COMPARTMENT | E19: IR IMAGE | G19: =IF(F19="", "", TRIM(RIGHT(SUBSTITUTE(F19, "\", REPT(" ", LEN(F19))), LEN(F19)))) | H19: 154.jpg | I19: ="ren """ & G19 & """ """ & H19 & """" -> ren "" "154.jpg"
... A31: 250 | B31: Panel15 | C31: BREAKER COMPARTMENT | E31: IR IMAGE | G31: =IF(F31="", "", TRIM(RIGHT(SUBSTITUTE(F31, "\", REPT(" ", LEN(F31))), LEN(F31)))) | H31: 250.jpg | I31: ="ren """ & G31 & """ """ & H31 & """" -> ren "" "250.jpg"
A32: 31 | B32: Panel1 | C32: BUSBAR COMPARTMENT | E32: VISUAL IMAGE | F32: C:\Users\aremi\Desktop\REPORT CBM\PO 42234207 - JOHOR - JBU - 400 PE IR US TEV\03. RAW MATERIAL\118. 18072026 MASJID KOTA ISKANDAR\IR\FLIR0181- photo.jpg | G32: =IF(F32="", "", TRIM(RIGHT(SUBSTITUTE(F32, "\", REPT(" ", LEN(F32))), LEN(F32)))) -> FLIR0181- photo.jpg | H32: 31.jpg | I32: ="ren """ & G32 & """ """ & H32 & """" -> ren "FLIR0181- photo.jpg" "31.jpg" | K32: C:\Users\aremi\Desktop\REPORT CBM\PO 42289580 - Pahang 11kV SECOND CYCLE AZZAD 2026\RAW MATERIAL\001. SSU CHEROH (VI)\RAW DATA\IR\New folder\FLIR_0030- photo.jpg
A33: 32 | B33: Panel1 | C33: BUSBAR COMPARTMENT | E33: IR IMAGE | F33: C:\Users\aremi\Desktop\REPORT CBM\PO 42234207 - JOHOR - JBU - 400 PE IR US TEV\03. RAW MATERIAL\118. 18072026 MASJID KOTA ISKANDAR\IR\FLIR0181.jpg | G33: =IF(F33="", "", TRIM(RIGHT(SUBSTITUTE(F33, "\", REPT(" ", LEN(F33))), LEN(F33)))) -> FLIR0181.jpg | H33: 32.jpg | I33: ="ren """ & G33 & """ """ & H33 & """" -> ren "FLIR0181.jpg" "32.jpg" | K33: C:\Users\aremi\Desktop\REPORT CBM\PO 42289580 - Pahang 11kV SECOND CYCLE AZZAD 2026\RAW MATERIAL\001. SSU CHEROH (VI)\RAW DATA\IR\New folder\FLIR_0030.jpg
A34: 47 | B34: Panel2 | C34: BUSBAR COMPARTMENT | E34: VISUAL IMAGE | F34: C:\Users\aremi\Desktop\REPORT CBM\PO 42234207 - JOHOR - JBU - 400 PE IR US TEV\03. RAW MATERIAL\118. 18072026 MASJID KOTA ISKANDAR\IR\FLIR0182- photo.jpg | G34: =IF(F34="", "", TRIM(RIGHT(SUBSTITUTE(F34, "\", REPT(" ", LEN(F34))), LEN(F34)))) -> FLIR0182- photo.jpg | H34: 47.jpg | I34: ="ren """ & G34 & """ """ & H34 & """" -> ren "FLIR0182- photo.jpg" "47.jpg" | K34: C:\Users\aremi\Desktop\REPORT CBM\PO 42289580 - Pahang 11kV SECOND CYCLE AZZAD 2026\RAW MATERIAL\001. SSU CHEROH (VI)\RAW DATA\IR\New folder\FLIR_0031- photo.jpg
A35: 48 | B35: Panel2 | C35: BUSBAR COMPARTMENT | E35: IR IMAGE | F35: C:\Users\aremi\Desktop\REPORT CBM\PO 42234207 - JOHOR - JBU - 400 PE IR US TEV\03. RAW MATERIAL\118. 18072026 MASJID KOTA ISKANDAR\IR\FLIR0182.jpg | G35: =IF(F35="", "", TRIM(RIGHT(SUBSTITUTE(F35, "\", REPT(" ", LEN(F35))), LEN(F35)))) -> FLIR0182.jpg | H35: 48.jpg | I35: ="ren """ & G35 & """ """ & H35 & """" -> ren "FLIR0182.jpg" "48.jpg" | K35: C:\Users\aremi\Desktop\REPORT CBM\PO 42289580 - Pahang 11kV SECOND CYCLE AZZAD 2026\RAW MATERIAL\001. SSU CHEROH (VI)\RAW DATA\IR\New folder\FLIR_0031.jpg
A36: 63 | B36: Panel3 | C36: BUSBAR COMPARTMENT | E36: VISUAL IMAGE | F36: C:\Users\aremi\Desktop\REPORT CBM\PO 42234207 - JOHOR - JBU - 400 PE IR US TEV\03. RAW MATERIAL\118. 18072026 MASJID KOTA ISKANDAR\IR\FLIR0183- photo.jpg | G36: =IF(F36="", "", TRIM(RIGHT(SUBSTITUTE(F36, "\", REPT(" ", LEN(F36))), LEN(F36)))) -> FLIR0183- photo.jpg | H36: 63.jpg | I36: ="ren """ & G36 & """ """ & H36 & """" -> ren "FLIR0183- photo.jpg" "63.jpg" | K36: C:\Users\aremi\Desktop\REPORT CBM\PO 42289580 - Pahang 11kV SECOND CYCLE AZZAD 2026\RAW MATERIAL\001. SSU CHEROH (VI)\RAW DATA\IR\New folder\FLIR_0032- photo.jpg
A37: 64 | B37: Panel3 | C37: BUSBAR COMPARTMENT | E37: IR IMAGE | F37: C:\Users\aremi\Desktop\REPORT CBM\PO 42234207 - JOHOR - JBU - 400 PE IR US TEV\03. RAW MATERIAL\118. 18072026 MASJID KOTA ISKANDAR\IR\FLIR0183.jpg | G37: =IF(F37="", "", TRIM(RIGHT(SUBSTITUTE(F37, "\", REPT(" ", LEN(F37))), LEN(F37)))) -> FLIR0183.jpg | H37: 64.jpg | I37: ="ren """ & G37 & """ """ & H37 & """" -> ren "FLIR0183.jpg" "64.jpg" | K37: C:\Users\aremi\Desktop\REPORT CBM\PO 42289580 - Pahang 11kV SECOND CYCLE AZZAD 2026\RAW MATERIAL\001. SSU CHEROH (VI)\RAW DATA\IR\New folder\FLIR_0032.jpg
A38: 79 | B38: Panel4 | C38: BUSBAR COMPARTMENT | E38: VISUAL IMAGE | G38: =IF(F38="", "", TRIM(RIGHT(SUBSTITUTE(F38, "\", REPT(" ", LEN(F38))), LEN(F38)))) | H38: 79.jpg | I38: ="ren """ & G38 & """ """ & H38 & """" -> ren "" "79.jpg" | K38: C:\Users\aremi\Desktop\REPORT CBM\PO 42289580 - Pahang 11kV SECOND CYCLE AZZAD 2026\RAW MATERIAL\001. SSU CHEROH (VI)\RAW DATA\IR\New folder\FLIR_0033- photo.jpg
A39: 80 | B39: Panel4 | C39: BUSBAR COMPARTMENT | E39: IR IMAGE | G39: =IF(F39="", "", TRIM(RIGHT(SUBSTITUTE(F39, "\", REPT(" ", LEN(F39))), LEN(F39)))) | H39: 80.jpg | I39: ="ren """ & G39 & """ """ & H39 & """" -> ren "" "80.jpg" | K39: C:\Users\aremi\Desktop\REPORT CBM\PO 42289580 - Pahang 11kV SECOND CYCLE AZZAD 2026\RAW MATERIAL\001. SSU CHEROH (VI)\RAW DATA\IR\New folder\FLIR_0033.jpg
A40: 95 | B40: Panel5 | C40: BUSBAR COMPARTMENT | E40: VISUAL IMAGE | G40: =IF(F40="", "", TRIM(RIGHT(SUBSTITUTE(F40, "\", REPT(" ", LEN(F40))), LEN(F40)))) | H40: 95.jpg | I40: ="ren """ & G40 & """ """ & H40 & """" -> ren "" "95.jpg" | K40: C:\Users\aremi\Desktop\REPORT CBM\PO 42289580 - Pahang 11kV SECOND CYCLE AZZAD 2026\RAW MATERIAL\001. SSU CHEROH (VI)\RAW DATA\IR\New folder\FLIR_0034- photo.jpg
A41: 96 | B41: Panel5 | C41: BUSBAR COMPARTMENT | E41: IR IMAGE | G41: =IF(F41="", "", TRIM(RIGHT(SUBSTITUTE(F41, "\", REPT(" ", LEN(F41))), LEN(F41)))) | H41: 96.jpg | I41: ="ren """ & G41 & """ """ & H41 & """" -> ren "" "96.jpg" | K41: C:\Users\aremi\Desktop\REPORT CBM\PO 42289580 - Pahang 11kV SECOND CYCLE AZZAD 2026\RAW MATERIAL\001. SSU CHEROH (VI)\RAW DATA\IR\New folder\FLIR_0034.jpg
A42: 111 | B42: Panel6 | C42: BUSBAR COMPARTMENT | E42: VISUAL IMAGE | G42: =IF(F42="", "", TRIM(RIGHT(SUBSTITUTE(F42, "\", REPT(" ", LEN(F42))), LEN(F42)))) | H42: 111.jpg | I42: ="ren """ & G42 & """ """ & H42 & """" -> ren "" "111.jpg" | K42: C:\Users\aremi\Desktop\REPORT CBM\PO 42289580 - Pahang 11kV SECOND CYCLE AZZAD 2026\RAW MATERIAL\001. SSU CHEROH (VI)\RAW DATA\IR\New folder\FLIR_0035- photo.jpg
A43: 112 | B43: Panel6 | C43: BUSBAR COMPARTMENT | E43: IR IMAGE | G43: =IF(F43="", "", TRIM(RIGHT(SUBSTITUTE(F43, "\", REPT(" ", LEN(F43))), LEN(F43)))) | H43: 112.jpg | I43: ="ren """ & G43 & """ """ & H43 & """" -> ren "" "112.jpg" | K43: C:\Users\aremi\Desktop\REPORT CBM\PO 42289580 - Pahang 11kV SECOND CYCLE AZZAD 2026\RAW MATERIAL\001. SSU CHEROH (VI)\RAW DATA\IR\New folder\FLIR_0035.jpg
A44: 127 | B44: Panel7 | C44: BUSBAR COMPARTMENT | E44: VISUAL IMAGE | G44: =IF(F44="", "", TRIM(RIGHT(SUBSTITUTE(F44, "\", REPT(" ", LEN(F44))), LEN(F44)))) | H44: 127.jpg | I44: ="ren """ & G44 & """ """ & H44 & """" -> ren "" "127.jpg" | K44: C:\Users\aremi\Desktop\REPORT CBM\PO 42289580 - Pahang 11kV SECOND CYCLE AZZAD 2026\RAW MATERIAL\001. SSU CHEROH (VI)\RAW DATA\IR\New folder\FLIR_0036- photo.jpg
A45: 128 | B45: Panel7 | C45: BUSBAR COMPARTMENT | E45: IR IMAGE | G45: =IF(F45="", "", TRIM(RIGHT(SUBSTITUTE(F45, "\", REPT(" ", LEN(F45))), LEN(F45)))) | H45: 128.jpg | I45: ="ren """ & G45 & """ """ & H45 & """" -> ren "" "128.jpg" | K45: C:\Users\aremi\Desktop\REPORT CBM\PO 42289580 - Pahang 11kV SECOND CYCLE AZZAD 2026\RAW MATERIAL\001. SSU CHEROH (VI)\RAW DATA\IR\New folder\FLIR_0036.jpg
A46: 143 | B46: Panel8 | C46: BUSBAR COMPARTMENT | E46: VISUAL IMAGE | G46: =IF(F46="", "", TRIM(RIGHT(SUBSTITUTE(F46, "\", REPT(" ", LEN(F46))), LEN(F46)))) | H46: 143.jpg | I46: ="ren """ & G46 & """ """ & H46 & """" -> ren "" "143.jpg" | K46: C:\Users\aremi\Desktop\REPORT CBM\PO 42289580 - Pahang 11kV SECOND CYCLE AZZAD 2026\RAW MATERIAL\001. SSU CHEROH (VI)\RAW DATA\IR\FLIR_0037- photo.jpg
A47: 144 | B47: Panel8 | C47: BUSBAR COMPARTMENT | E47: IR IMAGE | G47: =IF(F47="", "", TRIM(RIGHT(SUBSTITUTE(F47, "\", REPT(" ", LEN(F47))), LEN(F47)))) | H47: 144.jpg | I47: ="ren """ & G47 & """ """ & H47 & """" -> ren "" "144.jpg" | K47: C:\Users\aremi\Desktop\REPORT CBM\PO 42289580 - Pahang 11kV SECOND CYCLE AZZAD 2026\RAW MATERIAL\001. SSU CHEROH (VI)\RAW DATA\IR\FLIR_0037.jpg
A48: 159 | B48: Panel9 | C48: BUSBAR COMPARTMENT | E48: VISUAL IMAGE | G48: =IF(F48="", "", TRIM(RIGHT(SUBSTITUTE(F48, "\", REPT(" ", LEN(F48))), LEN(F48)))) | H48: 159.jpg | I48: ="ren """ & G48 & """ """ & H48 & """" -> ren "" "159.jpg"
A49: 160 | B49: Panel9 | C49: BUSBAR COMPARTMENT | E49: IR IMAGE | G49: =IF(F49="", "", TRIM(RIGHT(SUBSTITUTE(F49, "\", REPT(" ", LEN(F49))), LEN(F49)))) | H49: 160.jpg | I49: ="ren """ & G49 & """ """ & H49 & """" -> ren "" "160.jpg"
A50: 175 | B50: Panel10 | C50: BUSBAR COMPARTMENT | E50: VISUAL IMAGE | G50: =IF(F50="", "", TRIM(RIGHT(SUBSTITUTE(F50, "\", REPT(" ", LEN(F50))), LEN(F50)))) | H50: 175.jpg | I50: ="ren """ & G50 & """ """ & H50 & """" -> ren "" "175.jpg"
A51: 176 | B51: Panel10 | C51: BUSBAR COMPARTMENT | E51: IR IMAGE | G51: =IF(F51="", "", TRIM(RIGHT(SUBSTITUTE(F51, "\", REPT(" ", LEN(F51))), LEN(F51)))) | H51: 176.jpg | I51: ="ren """ & G51 & """ """ & H51 & """" -> ren "" "176.jpg"
A52: 191 | B52: Panel11 | C52: BUSBAR COMPARTMENT | E52: VISUAL IMAGE | G52: =IF(F52="", "", TRIM(RIGHT(SUBSTITUTE(F52, "\", REPT(" ", LEN(F52))), LEN(F52)))) | H52: 191.jpg | I52: ="ren """ & G52 & """ """ & H52 & """" -> ren "" "191.jpg"
A53: 192 | B53: Panel11 | C53: BUSBAR COMPARTMENT | E53: IR IMAGE | G53: =IF(F53="", "", TRIM(RIGHT(SUBSTITUTE(F53, "\", REPT(" ", LEN(F53))), LEN(F53)))) | H53: 192.jpg | I53: ="ren """ & G53 & """ """ & H53 & """" -> ren "" "192.jpg"
A54: 207 | B54: Panel12 | C54: BUSBAR COMPARTMENT | E54: VISUAL IMAGE | G54: =IF(F54="", "", TRIM(RIGHT(SUBSTITUTE(F54, "\", REPT(" ", LEN(F54))), LEN(F54)))) | H54: 207.jpg | I54: ="ren """ & G54 & """ """ & H54 & """" -> ren "" "207.jpg"
A55: 208 | B55: Panel12 | C55: BUSBAR COMPARTMENT | E55: IR IMAGE | G55: =IF(F55="", "", TRIM(RIGHT(SUBSTITUTE(F55, "\", REPT(" ", LEN(F55))), LEN(F55)))) | H55: 208.jpg | I55: ="ren """ & G55 & """ """ & H55 & """" -> ren "" "208.jpg"
A56: 223 | B56: Panel13 | C56: BUSBAR COMPARTMENT | E56: VISUAL IMAGE | G56: =IF(F56="", "", TRIM(RIGHT(SUBSTITUTE(F56, "\", REPT(" ", LEN(F56))), LEN(F56)))) | H56: 223.jpg | I56: ="ren """ & G56 & """ """ & H56 & """" -> ren "" "223.jpg"
A57: 224 | B57: Panel13 | C57: BUSBAR COMPARTMENT | E57: IR IMAGE | G57: =IF(F57="", "", TRIM(RIGHT(SUBSTITUTE(F57, "\", REPT(" ", LEN(F57))), LEN(F57)))) | H57: 224.jpg | I57: ="ren """ & G57 & """ """ & H57 & """" -> ren "" "224.jpg"
A58: 239 | B58: Panel14 | C58: BUSBAR COMPARTMENT | E58: VISUAL IMAGE | G58: =IF(F58="", "", TRIM(RIGHT(SUBSTITUTE(F58, "\", REPT(" ", LEN(F58))), LEN(F58)))) | H58: 239.jpg | I58: ="ren """ & G58 & """ """ & H58 & """" -> ren "" "239.jpg"
A59: 240 | B59: Panel14 | C59: BUSBAR COMPARTMENT | E59: IR IMAGE | G59: =IF(F59="", "", TRIM(RIGHT(SUBSTITUTE(F59, "\", REPT(" ", LEN(F59))), LEN(F59)))) | H59: 240.jpg | I59: ="ren """ & G59 & """ """ & H59 & """" -> ren "" "240.jpg"
... A91: 252 | B91: Panel15 | C91: BUSBAR DISCONNECTING SW | E91: IR IMAGE | G91: =IF(F91="", "", TRIM(RIGHT(SUBSTITUTE(F91, "\", REPT(" ", LEN(F91))), LEN(F91)))) | H91: 252.jpg | I91: ="ren """ & G91 & """ """ & H91 & """" -> ren "" "252.jpg"
A92: 269 | B92: TX1 | C92: BUSHING | E92: VISUAL IMAGE | F92: C:\Users\aremi\Desktop\REPORT CBM\PO 42234207 - JOHOR - JBU - 400 PE IR US TEV\03. RAW MATERIAL\118. 18072026 MASJID KOTA ISKANDAR\IR\FLIR0166- photo.jpg | G92: =IF(F92="", "", TRIM(RIGHT(SUBSTITUTE(F92, "\", REPT(" ", LEN(F92))), LEN(F92)))) -> FLIR0166- photo.jpg | H92: 269.jpg | I92: ="ren """ & G92 & """ """ & H92 & """" -> ren "FLIR0166- photo.jpg" "269.jpg"
A93: 270 | B93: TX1 | C93: BUSHING | E93: IR IMAGE | F93: C:\Users\aremi\Desktop\REPORT CBM\PO 42234207 - JOHOR - JBU - 400 PE IR US TEV\03. RAW MATERIAL\118. 18072026 MASJID KOTA ISKANDAR\IR\FLIR0166.jpg | G93: =IF(F93="", "", TRIM(RIGHT(SUBSTITUTE(F93, "\", REPT(" ", LEN(F93))), LEN(F93)))) -> FLIR0166.jpg | H93: 270.jpg | I93: ="ren """ & G93 & """ """ & H93 & """" -> ren "FLIR0166.jpg" "270.jpg"
A94: 275 | B94: TX1 | C94: BUSHING | E94: VISUAL IMAGE | F94: C:\Users\aremi\Desktop\REPORT CBM\PO 42234207 - JOHOR - JBU - 400 PE IR US TEV\03. RAW MATERIAL\118. 18072026 MASJID KOTA ISKANDAR\IR\FLIR0168- photo.jpg | G94: =IF(F94="", "", TRIM(RIGHT(SUBSTITUTE(F94, "\", REPT(" ", LEN(F94))), LEN(F94)))) -> FLIR0168- photo.jpg | H94: 275.jpg | I94: ="ren """ & G94 & """ """ & H94 & """" -> ren "FLIR0168- photo.jpg" "275.jpg"
A95: 276 | B95: TX1 | C95: BUSHING | E95: IR IMAGE | F95: C:\Users\aremi\Desktop\REPORT CBM\PO 42234207 - JOHOR - JBU - 400 PE IR US TEV\03. RAW MATERIAL\118. 18072026 MASJID KOTA ISKANDAR\IR\FLIR0168.jpg | G95: =IF(F95="", "", TRIM(RIGHT(SUBSTITUTE(F95, "\", REPT(" ", LEN(F95))), LEN(F95)))) -> FLIR0168.jpg | H95: 276.jpg | I95: ="ren """ & G95 & """ """ & H95 & """" -> ren "FLIR0168.jpg" "276.jpg"
A96: 285 | B96: TX2 | C96: BUSHING | E96: VISUAL IMAGE | G96: =IF(F96="", "", TRIM(RIGHT(SUBSTITUTE(F96, "\", REPT(" ", LEN(F96))), LEN(F96)))) | H96: 285.jpg | I96: ="ren """ & G96 & """ """ & H96 & """" -> ren "" "285.jpg"
A97: 286 | B97: TX2 | C97: BUSHING | E97: IR IMAGE | G97: =IF(F97="", "", TRIM(RIGHT(SUBSTITUTE(F97, "\", REPT(" ", LEN(F97))), LEN(F97)))) | H97: 286.jpg | I97: ="ren """ & G97 & """ """ & H97 & """" -> ren "" "286.jpg"
A98: 291 | B98: TX2 | C98: BUSHING | E98: VISUAL IMAGE | G98: =IF(F98="", "", TRIM(RIGHT(SUBSTITUTE(F98, "\", REPT(" ", LEN(F98))), LEN(F98)))) | H98: 291.jpg | I98: ="ren """ & G98 & """ """ & H98 & """" -> ren "" "291.jpg"
A99: 292 | B99: TX2 | C99: BUSHING | E99: IR IMAGE | G99: =IF(F99="", "", TRIM(RIGHT(SUBSTITUTE(F99, "\", REPT(" ", LEN(F99))), LEN(F99)))) | H99: 292.jpg | I99: ="ren """ & G99 & """ """ & H99 & """" -> ren "" "292.jpg"
A100: 271 | B100: TX1 | C100: CABLE | E100: VISUAL IMAGE | F100: C:\Users\aremi\Desktop\REPORT CBM\PO 42234207 - JOHOR - JBU - 400 PE IR US TEV\03. RAW MATERIAL\118. 18072026 MASJID KOTA ISKANDAR\IR\FLIR0167- photo.jpg | G100: =IF(F100="", "", TRIM(RIGHT(SUBSTITUTE(F100, "\", REPT(" ", LEN(F100))), LEN(F100)))) -> FLIR0167- photo.jpg | H100: 271.jpg | I100: ="ren """ & G100 & """ """ & H100 & """" -> ren "FLIR0167- photo.jpg" "271.jpg"
A101: 272 | B101: TX1 | C101: CABLE | E101: IR IMAGE | F101: C:\Users\aremi\Desktop\REPORT CBM\PO 42234207 - JOHOR - JBU - 400 PE IR US TEV\03. RAW MATERIAL\118. 18072026 MASJID KOTA ISKANDAR\IR\FLIR0167.jpg | G101: =IF(F101="", "", TRIM(RIGHT(SUBSTITUTE(F101, "\", REPT(" ", LEN(F101))), LEN(F101)))) -> FLIR0167.jpg | H101: 272.jpg | I101: ="ren """ & G101 & """ """ & H101 & """" -> ren "FLIR0167.jpg" "272.jpg"
A102: 277 | B102: TX1 | C102: CABLE | E102: VISUAL IMAGE | F102: C:\Users\aremi\Desktop\REPORT CBM\PO 42234207 - JOHOR - JBU - 400 PE IR US TEV\03. RAW MATERIAL\118. 18072026 MASJID KOTA ISKANDAR\IR\FLIR0169- photo.jpg | G102: =IF(F102="", "", TRIM(RIGHT(SUBSTITUTE(F102, "\", REPT(" ", LEN(F102))), LEN(F102)))) -> FLIR0169- photo.jpg | H102: 277.jpg | I102: ="ren """ & G102 & """ """ & H102 & """" -> ren "FLIR0169- photo.jpg" "277.jpg"
A103: 278 | B103: TX1 | C103: CABLE | E103: IR IMAGE | F103: C:\Users\aremi\Desktop\REPORT CBM\PO 42234207 - JOHOR - JBU - 400 PE IR US TEV\03. RAW MATERIAL\118. 18072026 MASJID KOTA ISKANDAR\IR\FLIR0169.jpg | G103: =IF(F103="", "", TRIM(RIGHT(SUBSTITUTE(F103, "\", REPT(" ", LEN(F103))), LEN(F103)))) -> FLIR0169.jpg | H103: 278.jpg | I103: ="ren """ & G103 & """ """ & H103 & """" -> ren "FLIR0169.jpg" "278.jpg"
A104: 287 | B104: TX2 | C104: CABLE | E104: VISUAL IMAGE | G104: =IF(F104="", "", TRIM(RIGHT(SUBSTITUTE(F104, "\", REPT(" ", LEN(F104))), LEN(F104)))) | H104: 287.jpg | I104: ="ren """ & G104 & """ """ & H104 & """" -> ren "" "287.jpg"
A105: 288 | B105: TX2 | C105: CABLE | E105: IR IMAGE | G105: =IF(F105="", "", TRIM(RIGHT(SUBSTITUTE(F105, "\", REPT(" ", LEN(F105))), LEN(F105)))) | H105: 288.jpg | I105: ="ren """ & G105 & """ """ & H105 & """" -> ren "" "288.jpg"
A106: 293 | B106: TX2 | C106: CABLE | E106: VISUAL IMAGE | G106: =IF(F106="", "", TRIM(RIGHT(SUBSTITUTE(F106, "\", REPT(" ", LEN(F106))), LEN(F106)))) | H106: 293.jpg | I106: ="ren """ & G106 & """ """ & H106 & """" -> ren "" "293.jpg"
A107: 294 | B107: TX2 | C107: CABLE | E107: IR IMAGE | G107: =IF(F107="", "", TRIM(RIGHT(SUBSTITUTE(F107, "\", REPT(" ", LEN(F107))), LEN(F107)))) | H107: 294.jpg | I107: ="ren """ & G107 & """ """ & H107 & """" -> ren "" "294.jpg"
A108: 29 | B108: Panel1 | C108: CABLE COMPARTMENT | E108: VISUAL IMAGE | F108: C:\Users\aremi\Desktop\REPORT CBM\PO 42234207 - JOHOR - JBU - 400 PE IR US TEV\03. RAW MATERIAL\118. 18072026 MASJID KOTA ISKANDAR\IR\FLIR0178- photo.jpg | G108: =IF(F108="", "", TRIM(RIGHT(SUBSTITUTE(F108, "\", REPT(" ", LEN(F108))), LEN(F108)))) -> FLIR0178- photo.jpg | H108: 29.jpg | I108: ="ren """ & G108 & """ """ & H108 & """" -> ren "FLIR0178- photo.jpg" "29.jpg" | K108: C:\Users\aremi\Desktop\REPORT CBM\PO 42289580 - Pahang 11kV SECOND CYCLE AZZAD 2026\RAW MATERIAL\001. SSU CHEROH (VI)\RAW DATA\IR\New folder\FLIR_0038- photo.jpg
A109: 30 | B109: Panel1 | C109: CABLE COMPARTMENT | E109: IR IMAGE | F109: C:\Users\aremi\Desktop\REPORT CBM\PO 42234207 - JOHOR - JBU - 400 PE IR US TEV\03. RAW MATERIAL\118. 18072026 MASJID KOTA ISKANDAR\IR\FLIR0178.jpg | G109: =IF(F109="", "", TRIM(RIGHT(SUBSTITUTE(F109, "\", REPT(" ", LEN(F109))), LEN(F109)))) -> FLIR0178.jpg | H109: 30.jpg | I109: ="ren """ & G109 & """ """ & H109 & """" -> ren "FLIR0178.jpg" "30.jpg" | K109: C:\Users\aremi\Desktop\REPORT CBM\PO 42289580 - Pahang 11kV SECOND CYCLE AZZAD 2026\RAW MATERIAL\001. SSU CHEROH (VI)\RAW DATA\IR\New folder\FLIR_0038.jpg
A110: 45 | B110: Panel2 | C110: CABLE COMPARTMENT | E110: VISUAL IMAGE | F110: C:\Users\aremi\Desktop\REPORT CBM\PO 42234207 - JOHOR - JBU - 400 PE IR US TEV\03. RAW MATERIAL\118. 18072026 MASJID KOTA ISKANDAR\IR\FLIR0179- photo.jpg | G110: =IF(F110="", "", TRIM(RIGHT(SUBSTITUTE(F110, "\", REPT(" ", LEN(F110))), LEN(F110)))) -> FLIR0179- photo.jpg | H110: 45.jpg | I110: ="ren """ & G110 & """ """ & H110 & """" -> ren "FLIR0179- photo.jpg" "45.jpg" | K110: C:\Users\aremi\Desktop\REPORT CBM\PO 42289580 - Pahang 11kV SECOND CYCLE AZZAD 2026\RAW MATERIAL\001. SSU CHEROH (VI)\RAW DATA\IR\New folder\FLIR_0039- photo.jpg
A111: 46 | B111: Panel2 | C111: CABLE COMPARTMENT | E111: IR IMAGE | F111: C:\Users\aremi\Desktop\REPORT CBM\PO 42234207 - JOHOR - JBU - 400 PE IR US TEV\03. RAW MATERIAL\118. 18072026 MASJID KOTA ISKANDAR\IR\FLIR0179.jpg | G111: =IF(F111="", "", TRIM(RIGHT(SUBSTITUTE(F111, "\", REPT(" ", LEN(F111))), LEN(F111)))) -> FLIR0179.jpg | H111: 46.jpg | I111: ="ren """ & G111 & """ """ & H111 & """" -> ren "FLIR0179.jpg" "46.jpg" | K111: C:\Users\aremi\Desktop\REPORT CBM\PO 42289580 - Pahang 11kV SECOND CYCLE AZZAD 2026\RAW MATERIAL\001. SSU CHEROH (VI)\RAW DATA\IR\New folder\FLIR_0039.jpg
A112: 61 | B112: Panel3 | C112: CABLE COMPARTMENT | E112: VISUAL IMAGE | F112: C:\Users\aremi\Desktop\REPORT CBM\PO 42234207 - JOHOR - JBU - 400 PE IR US TEV\03. RAW MATERIAL\118. 18072026 MASJID KOTA ISKANDAR\IR\FLIR0180- photo.jpg | G112: =IF(F112="", "", TRIM(RIGHT(SUBSTITUTE(F112, "\", REPT(" ", LEN(F112))), LEN(F112)))) -> FLIR0180- photo.jpg | H112: 61.jpg | I112: ="ren """ & G112 & """ """ & H112 & """" -> ren "FLIR0180- photo.jpg" "61.jpg" | K112: C:\Users\aremi\Desktop\REPORT CBM\PO 42289580 - Pahang 11kV SECOND CYCLE AZZAD 2026\RAW MATERIAL\001. SSU CHEROH (VI)\RAW DATA\IR\New folder\FLIR_0040- photo.jpg
A113: 62 | B113: Panel3 | C113: CABLE COMPARTMENT | E113: IR IMAGE | F113: C:\Users\aremi\Desktop\REPORT CBM\PO 42234207 - JOHOR - JBU - 400 PE IR US TEV\03. RAW MATERIAL\118. 18072026 MASJID KOTA ISKANDAR\IR\FLIR0180.jpg | G113: =IF(F113="", "", TRIM(RIGHT(SUBSTITUTE(F113, "\", REPT(" ", LEN(F113))), LEN(F113)))) -> FLIR0180.jpg | H113: 62.jpg | I113: ="ren """ & G113 & """ """ & H113 & """" -> ren "FLIR0180.jpg" "62.jpg" | K113: C:\Users\aremi\Desktop\REPORT CBM\PO 42289580 - Pahang 11kV SECOND CYCLE AZZAD 2026\RAW MATERIAL\001. SSU CHEROH (VI)\RAW DATA\IR\New folder\FLIR_0040.jpg
A114: 77 | B114: Panel4 | C114: CABLE COMPARTMENT | E114: VISUAL IMAGE | G114: =IF(F114="", "", TRIM(RIGHT(SUBSTITUTE(F114, "\", REPT(" ", LEN(F114))), LEN(F114)))) | H114: 77.jpg | I114: ="ren """ & G114 & """ """ & H114 & """" -> ren "" "77.jpg" | K114: C:\Users\aremi\Desktop\REPORT CBM\PO 42289580 - Pahang 11kV SECOND CYCLE AZZAD 2026\RAW MATERIAL\001. SSU CHEROH (VI)\RAW DATA\IR\New folder\FLIR_0041- photo.jpg
A115: 78 | B115: Panel4 | C115: CABLE COMPARTMENT | E115: IR IMAGE | G115: =IF(F115="", "", TRIM(RIGHT(SUBSTITUTE(F115, "\", REPT(" ", LEN(F115))), LEN(F115)))) | H115: 78.jpg | I115: ="ren """ & G115 & """ """ & H115 & """" -> ren "" "78.jpg" | K115: C:\Users\aremi\Desktop\REPORT CBM\PO 42289580 - Pahang 11kV SECOND CYCLE AZZAD 2026\RAW MATERIAL\001. SSU CHEROH (VI)\RAW DATA\IR\New folder\FLIR_0041.jpg
A116: 93 | B116: Panel5 | C116: CABLE COMPARTMENT | E116: VISUAL IMAGE | G116: =IF(F116="", "", TRIM(RIGHT(SUBSTITUTE(F116, "\", REPT(" ", LEN(F116))), LEN(F116)))) | H116: 93.jpg | I116: ="ren """ & G116 & """ """ & H116 & """" -> ren "" "93.jpg" | K116: C:\Users\aremi\Desktop\REPORT CBM\PO 42289580 - Pahang 11kV SECOND CYCLE AZZAD 2026\RAW MATERIAL\001. SSU CHEROH (VI)\RAW DATA\IR\New folder\FLIR_0042- photo.jpg
A117: 94 | B117: Panel5 | C117: CABLE COMPARTMENT | E117: IR IMAGE | G117: =IF(F117="", "", TRIM(RIGHT(SUBSTITUTE(F117, "\", REPT(" ", LEN(F117))), LEN(F117)))) | H117: 94.jpg | I117: ="ren """ & G117 & """ """ & H117 & """" -> ren "" "94.jpg" | K117: C:\Users\aremi\Desktop\REPORT CBM\PO 42289580 - Pahang 11kV SECOND CYCLE AZZAD 2026\RAW MATERIAL\001. SSU CHEROH (VI)\RAW DATA\IR\New folder\FLIR_0042.jpg
A118: 109 | B118: Panel6 | C118: CABLE COMPARTMENT | E118: VISUAL IMAGE | G118: =IF(F118="", "", TRIM(RIGHT(SUBSTITUTE(F118, "\", REPT(" ", LEN(F118))), LEN(F118)))) | H118: 109.jpg | I118: ="ren """ & G118 & """ """ & H118 & """" -> ren "" "109.jpg" | K118: C:\Users\aremi\Desktop\REPORT CBM\PO 42289580 - Pahang 11kV SECOND CYCLE AZZAD 2026\RAW MATERIAL\001. SSU CHEROH (VI)\RAW DATA\IR\New folder\FLIR_0043- photo.jpg
A119: 110 | B119: Panel6 | C119: CABLE COMPARTMENT | E119: IR IMAGE | G119: =IF(F119="", "", TRIM(RIGHT(SUBSTITUTE(F119, "\", REPT(" ", LEN(F119))), LEN(F119)))) | H119: 110.jpg | I119: ="ren """ & G119 & """ """ & H119 & """" -> ren "" "110.jpg" | K119: C:\Users\aremi\Desktop\REPORT CBM\PO 42289580 - Pahang 11kV SECOND CYCLE AZZAD 2026\RAW MATERIAL\001. SSU CHEROH (VI)\RAW DATA\IR\New folder\FLIR_0043.jpg
A120: 125 | B120: Panel7 | C120: CABLE COMPARTMENT | E120: VISUAL IMAGE | G120: =IF(F120="", "", TRIM(RIGHT(SUBSTITUTE(F120, "\", REPT(" ", LEN(F120))), LEN(F120)))) | H120: 125.jpg | I120: ="ren """ & G120 & """ """ & H120 & """" -> ren "" "125.jpg" | K120: C:\Users\aremi\Desktop\REPORT CBM\PO 42289580 - Pahang 11kV SECOND CYCLE AZZAD 2026\RAW MATERIAL\001. SSU CHEROH (VI)\RAW DATA\IR\New folder\FLIR_0044- photo.jpg
A121: 126 | B121: Panel7 | C121: CABLE COMPARTMENT | E121: IR IMAGE | G121: =IF(F121="", "", TRIM(RIGHT(SUBSTITUTE(F121, "\", REPT(" ", LEN(F121))), LEN(F121)))) | H121: 126.jpg | I121: ="ren """ & G121 & """ """ & H121 & """" -> ren "" "126.jpg" | K121: C:\Users\aremi\Desktop\REPORT CBM\PO 42289580 - Pahang 11kV SECOND CYCLE AZZAD 2026\RAW MATERIAL\001. SSU CHEROH (VI)\RAW DATA\IR\New folder\FLIR_0044.jpg
A122: 141 | B122: Panel8 | C122: CABLE COMPARTMENT | E122: VISUAL IMAGE | G122: =IF(F122="", "", TRIM(RIGHT(SUBSTITUTE(F122, "\", REPT(" ", LEN(F122))), LEN(F122)))) | H122: 141.jpg | I122: ="ren """ & G122 & """ """ & H122 & """" -> ren "" "141.jpg" | K122: C:\Users\aremi\Desktop\REPORT CBM\PO 42289580 - Pahang 11kV SECOND CYCLE AZZAD 2026\RAW MATERIAL\001. SSU CHEROH (VI)\RAW DATA\IR\New folder\FLIR_0045- photo.jpg
A123: 142 | B123: Panel8 | C123: CABLE COMPARTMENT | E123: IR IMAGE | G123: =IF(F123="", "", TRIM(RIGHT(SUBSTITUTE(F123, "\", REPT(" ", LEN(F123))), LEN(F123)))) | H123: 142.jpg | I123: ="ren """ & G123 & """ """ & H123 & """" -> ren "" "142.jpg" | K123: C:\Users\aremi\Desktop\REPORT CBM\PO 42289580 - Pahang 11kV SECOND CYCLE AZZAD 2026\RAW MATERIAL\001. SSU CHEROH (VI)\RAW DATA\IR\New folder\FLIR_0045.jpg
A124: 157 | B124: Panel9 | C124: CABLE COMPARTMENT | E124: VISUAL IMAGE | G124: =IF(F124="", "", TRIM(RIGHT(SUBSTITUTE(F124, "\", REPT(" ", LEN(F124))), LEN(F124)))) | H124: 157.jpg | I124: ="ren """ & G124 & """ """ & H124 & """" -> ren "" "157.jpg"
A125: 158 | B125: Panel9 | C125: CABLE COMPARTMENT | E125: IR IMAGE | G125: =IF(F125="", "", TRIM(RIGHT(SUBSTITUTE(F125, "\", REPT(" ", LEN(F125))), LEN(F125)))) | H125: 158.jpg | I125: ="ren """ & G125 & """ """ & H125 & """" -> ren "" "158.jpg"
A126: 173 | B126: Panel10 | C126: CABLE COMPARTMENT | E126: VISUAL IMAGE | G126: =IF(F126="", "", TRIM(RIGHT(SUBSTITUTE(F126, "\", REPT(" ", LEN(F126))), LEN(F126)))) | H126: 173.jpg | I126: ="ren """ & G126 & """ """ & H126 & """" -> ren "" "173.jpg"
A127: 174 | B127: Panel10 | C127: CABLE COMPARTMENT | E127: IR IMAGE | G127: =IF(F127="", "", TRIM(RIGHT(SUBSTITUTE(F127, "\", REPT(" ", LEN(F127))), LEN(F127)))) | H127: 174.jpg | I127: ="ren """ & G127 & """ """ & H127 & """" -> ren "" "174.jpg"
A128: 189 | B128: Panel11 | C128: CABLE COMPARTMENT | E128: VISUAL IMAGE | G128: =IF(F128="", "", TRIM(RIGHT(SUBSTITUTE(F128, "\", REPT(" ", LEN(F128))), LEN(F128)))) | H128: 189.jpg | I128: ="ren """ & G128 & """ """ & H128 & """" -> ren "" "189.jpg"
A129: 190 | B129: Panel11 | C129: CABLE COMPARTMENT | E129: IR IMAGE | G129: =IF(F129="", "", TRIM(RIGHT(SUBSTITUTE(F129, "\", REPT(" ", LEN(F129))), LEN(F129)))) | H129: 190.jpg | I129: ="ren """ & G129 & """ """ & H129 & """" -> ren "" "190.jpg"
A130: 205 | B130: Panel12 | C130: CABLE COMPARTMENT | E130: VISUAL IMAGE | G130: =IF(F130="", "", TRIM(RIGHT(SUBSTITUTE(F130, "\", REPT(" ", LEN(F130))), LEN(F130)))) | H130: 205.jpg | I130: ="ren """ & G130 & """ """ & H130 & """" -> ren "" "205.jpg"
A131: 206 | B131: Panel12 | C131: CABLE COMPARTMENT | E131: IR IMAGE | G131: =IF(F131="", "", TRIM(RIGHT(SUBSTITUTE(F131, "\", REPT(" ", LEN(F131))), LEN(F131)))) | H131: 206.jpg | I131: ="ren """ & G131 & """ """ & H131 & """" -> ren "" "206.jpg"
A132: 221 | B132: Panel13 | C132: CABLE COMPARTMENT | E132: VISUAL IMAGE | G132: =IF(F132="", "", TRIM(RIGHT(SUBSTITUTE(F132, "\", REPT(" ", LEN(F132))), LEN(F132)))) | H132: 221.jpg | I132: ="ren """ & G132 & """ """ & H132 & """" -> ren "" "221.jpg"
A133: 222 | B133: Panel13 | C133: CABLE COMPARTMENT | E133: IR IMAGE | G133: =IF(F133="", "", TRIM(RIGHT(SUBSTITUTE(F133, "\", REPT(" ", LEN(F133))), LEN(F133)))) | H133: 222.jpg | I133: ="ren """ & G133 & """ """ & H133 & """" -> ren "" "222.jpg"
A134: 237 | B134: Panel14 | C134: CABLE COMPARTMENT | E134: VISUAL IMAGE | G134: =IF(F134="", "", TRIM(RIGHT(SUBSTITUTE(F134, "\", REPT(" ", LEN(F134))), LEN(F134)))) | H134: 237.jpg | I134: ="ren """ & G134 & """ """ & H134 & """" -> ren "" "237.jpg"
A135: 238 | B135: Panel14 | C135: CABLE COMPARTMENT | E135: IR IMAGE | G135: =IF(F135="", "", TRIM(RIGHT(SUBSTITUTE(F135, "\", REPT(" ", LEN(F135))), LEN(F135)))) | H135: 238.jpg | I135: ="ren """ & G135 & """ """ & H135 & """" -> ren "" "238.jpg"
... A205: 262 | B205: Panel15 | C205: LINK BOX | E205: IR IMAGE | G205: =IF(F205="", "", TRIM(RIGHT(SUBSTITUTE(F205, "\", REPT(" ", LEN(F205))), LEN(F205)))) | H205: 262.jpg | I205: ="ren """ & G205 & """ """ & H205 & """" -> ren "" "262.jpg"
A206: 265 | B206: TX1 | C206: OVERVIEW | E206: VISUAL IMAGE | F206: C:\Users\aremi\Desktop\REPORT CBM\PO 42234207 - JOHOR - JBU - 400 PE IR US TEV\03. RAW MATERIAL\118. 18072026 MASJID KOTA ISKANDAR\IR\FLIR0164- photo.jpg | G206: =IF(F206="", "", TRIM(RIGHT(SUBSTITUTE(F206, "\", REPT(" ", LEN(F206))), LEN(F206)))) -> FLIR0164- photo.jpg | H206: 265.jpg | I206: ="ren """ & G206 & """ """ & H206 & """" -> ren "FLIR0164- photo.jpg" "265.jpg"
A207: 266 | B207: TX1 | C207: OVERVIEW | E207: IR IMAGE | F207: C:\Users\aremi\Desktop\REPORT CBM\PO 42234207 - JOHOR - JBU - 400 PE IR US TEV\03. RAW MATERIAL\118. 18072026 MASJID KOTA ISKANDAR\IR\FLIR0164.jpg | G207: =IF(F207="", "", TRIM(RIGHT(SUBSTITUTE(F207, "\", REPT(" ", LEN(F207))), LEN(F207)))) -> FLIR0164.jpg | H207: 266.jpg | I207: ="ren """ & G207 & """ """ & H207 & """" -> ren "FLIR0164.jpg" "266.jpg"
A208: 281 | B208: TX2 | C208: OVERVIEW | E208: VISUAL IMAGE | G208: =IF(F208="", "", TRIM(RIGHT(SUBSTITUTE(F208, "\", REPT(" ", LEN(F208))), LEN(F208)))) | H208: 281.jpg | I208: ="ren """ & G208 & """ """ & H208 & """" -> ren "" "281.jpg"
A209: 282 | B209: TX2 | C209: OVERVIEW | E209: IR IMAGE | G209: =IF(F209="", "", TRIM(RIGHT(SUBSTITUTE(F209, "\", REPT(" ", LEN(F209))), LEN(F209)))) | H209: 282.jpg | I209: ="ren """ & G209 & """ """ & H209 & """" -> ren "" "282.jpg"
A210: 297 | B210: FP1 | C210: OVERVIEW | E210: VISUAL IMAGE | G210: =IF(F210="", "", TRIM(RIGHT(SUBSTITUTE(F210, "\", REPT(" ", LEN(F210))), LEN(F210)))) | H210: 297.jpg | I210: ="ren """ & G210 & """ """ & H210 & """" -> ren "" "297.jpg" | K210: C:\Users\aremi\Desktop\REPORT CBM\PO 42289580 - Pahang 11kV SECOND CYCLE AZZAD 2026\RAW MATERIAL\001. SSU CHEROH (VI)\RAW DATA\IR\FLIR_0027- photo.jpg
A211: 298 | B211: FP1 | C211: OVERVIEW | E211: IR IMAGE | G211: =IF(F211="", "", TRIM(RIGHT(SUBSTITUTE(F211, "\", REPT(" ", LEN(F211))), LEN(F211)))) | H211: 298.jpg | I211: ="ren """ & G211 & """ """ & H211 & """" -> ren "" "298.jpg" | K211: C:\Users\aremi\Desktop\REPORT CBM\PO 42289580 - Pahang 11kV SECOND CYCLE AZZAD 2026\RAW MATERIAL\001. SSU CHEROH (VI)\RAW DATA\IR\FLIR_0027.jpg
...

Sheet Image_Rename_RMU
A1: NO | B1: PANEL DATA | C1: AREA | D1: Attribute | E1: File Path (Insert Your File Path Here) | F1: Current Image File | G1: New Image File | H1: Paste this on bat file
A2: 1 | B2: Overview | C2: OVERVIEW | D2: VISUAL IMAGE | F2: =IF(E2="", "", TRIM(RIGHT(SUBSTITUTE(E2, "\", REPT(" ", LEN(E2))), LEN(E2)))) | G2: 1.jpg | H2: ="ren """ & F2 & """ """ & G2 & """" -> ren "" "1.jpg" | K2: Overview | L2: OVERVIEW | M2: 1.jpg
A3: 2 | B3: Overview | C3: OVERVIEW | D3: IR IMAGE | F3: =IF(E3="", "", TRIM(RIGHT(SUBSTITUTE(E3, "\", REPT(" ", LEN(E3))), LEN(E3)))) | G3: 2.jpg | H3: ="ren """ & F3 & """ """ & G3 & """" -> ren "" "2.jpg" | K3: Overview | L3: OVERVIEW | M3: 2.jpg
A4: 3 | B4: Overview | C4: OVERVIEW TOP | D4: VISUAL IMAGE | F4: =IF(E4="", "", TRIM(RIGHT(SUBSTITUTE(E4, "\", REPT(" ", LEN(E4))), LEN(E4)))) | G4: 3.jpg | H4: ="ren """ & F4 & """ """ & G4 & """" -> ren "" "3.jpg" | K4: Overview | L4: OVERVIEW TOP | M4: 3.jpg
A5: 4 | B5: Overview | C5: OVERVIEW TOP | D5: IR IMAGE | F5: =IF(E5="", "", TRIM(RIGHT(SUBSTITUTE(E5, "\", REPT(" ", LEN(E5))), LEN(E5)))) | G5: 4.jpg | H5: ="ren """ & F5 & """ """ & G5 & """" -> ren "" "4.jpg" | K5: Overview | L5: OVERVIEW TOP | M5: 4.jpg
A6: 5 | B6: Overview | C6: OVERVIEW BOTTOM | D6: VISUAL IMAGE | F6: =IF(E6="", "", TRIM(RIGHT(SUBSTITUTE(E6, "\", REPT(" ", LEN(E6))), LEN(E6)))) | G6: 5.jpg | H6: ="ren """ & F6 & """ """ & G6 & """" -> ren "" "5.jpg" | K6: Overview | L6: OVERVIEW BOTTOM | M6: 5.jpg
A7: 6 | B7: Overview | C7: OVERVIEW BOTTOM | D7: IR IMAGE | F7: =IF(E7="", "", TRIM(RIGHT(SUBSTITUTE(E7, "\", REPT(" ", LEN(E7))), LEN(E7)))) | G7: 6.jpg | H7: ="ren """ & F7 & """ """ & G7 & """" -> ren "" "6.jpg" | K7: Overview | L7: OVERVIEW BOTTOM | M7: 6.jpg
A8: 7 | B8: Overview | C8: OVERVIEW REAR | D8: VISUAL IMAGE | F8: =IF(E8="", "", TRIM(RIGHT(SUBSTITUTE(E8, "\", REPT(" ", LEN(E8))), LEN(E8)))) | G8: 7.jpg | H8: ="ren """ & F8 & """ """ & G8 & """" -> ren "" "7.jpg" | K8: Overview | L8: OVERVIEW REAR | M8: 7.jpg
A9: 8 | B9: Overview | C9: OVERVIEW REAR | D9: IR IMAGE | F9: =IF(E9="", "", TRIM(RIGHT(SUBSTITUTE(E9, "\", REPT(" ", LEN(E9))), LEN(E9)))) | G9: 8.jpg | H9: ="ren """ & F9 & """ """ & G9 & """" -> ren "" "8.jpg" | K9: Overview | L9: OVERVIEW REAR | M9: 8.jpg
A10: 9 | B10: Overview | C10: OVERVIEW SIDE (LHS) | D10: VISUAL IMAGE | F10: =IF(E10="", "", TRIM(RIGHT(SUBSTITUTE(E10, "\", REPT(" ", LEN(E10))), LEN(E10)))) | G10: 9.jpg | H10: ="ren """ & F10 & """ """ & G10 & """" -> ren "" "9.jpg" | K10: Overview | L10: OVERVIEW SIDE (LHS) | M10: 9.jpg
A11: 10 | B11: Overview | C11: OVERVIEW SIDE (LHS) | D11: IR IMAGE | F11: =IF(E11="", "", TRIM(RIGHT(SUBSTITUTE(E11, "\", REPT(" ", LEN(E11))), LEN(E11)))) | G11: 10.jpg | H11: ="ren """ & F11 & """ """ & G11 & """" -> ren "" "10.jpg" | K11: Overview | L11: OVERVIEW SIDE (LHS) | M11: 10.jpg
A12: 11 | B12: Overview | C12: OVERVIEW SIDE (RHS) | D12: VISUAL IMAGE | F12: =IF(E12="", "", TRIM(RIGHT(SUBSTITUTE(E12, "\", REPT(" ", LEN(E12))), LEN(E12)))) | G12: 11.jpg | H12: ="ren """ & F12 & """ """ & G12 & """" -> ren "" "11.jpg" | K12: Overview | L12: OVERVIEW SIDE (RHS) | M12: 11.jpg
A13: 12 | B13: Overview | C13: OVERVIEW SIDE (RHS) | D13: IR IMAGE | F13: =IF(E13="", "", TRIM(RIGHT(SUBSTITUTE(E13, "\", REPT(" ", LEN(E13))), LEN(E13)))) | G13: 12.jpg | H13: ="ren """ & F13 & """ """ & G13 & """" -> ren "" "12.jpg" | K13: Overview | L13: OVERVIEW SIDE (RHS) | M13: 12.jpg
... A101: 100 | B101: BATTERY BANK 4 | C101: OVERVIEW | D101: IR IMAGE | F101: =IF(E101="", "", TRIM(RIGHT(SUBSTITUTE(E101, "\", REPT(" ", LEN(E101))), LEN(E101)))) | G101: 100.jpg | H101: ="ren """ & F101 & """ """ & G101 & """" -> ren "" "100.jpg" | K101: BATTERY BANK 4 | L101: OVERVIEW | M101: 100.jpg

Sheet Image_Mapping_VCB (2)
A1: No | B1: Type | C1: Group | D1: Word Template | E1: Template Page No | F1: {{ substation.name_erms }} | G1: {{ substation.time }} | H1: {{ substation.date }} | I1: {{ substation.ambient }} | J1: {{ substation.humidity }} | K1: {{ swg.area }} | L1: {{ panel.linknumber }} | M1: {{ panel.name }} | N1: {{ panel.cabletype }} | O1: {{ panel.breakerstatus }} | P1: {{ panel.busbarposition }} | Q1: {{ panel.loadamp }} | R1: {{ panel.heateramp }} | S1: {{ swg.serialnumber }} | T1: {{ swg.manufacturer }} | U1: {{ swg.type }} | V1: {{ swg.rating }} | W1: {{ swg.model }} | X1: {{ tx1.manufacturer }} | Y1: {{ tx1.model }} | Z1: {{ tx1.rating }} | AA1: {{ tx1.serialnumber }} | AB1: {{ tx2.manufacturer }} | AC1: {{ tx2.model }} | AD1: {{ tx2.rating }} | AE1: {{ tx2.serialnumber }} | AF1: {{ fp1.manufacturer }} | AG1: {{ fp1.model }} | AH1: {{ fp1.rating }} | AI1: {{ fp1.serialnumber }} | AJ1: {{ fp1.labelsource }} | AK1: {{ fp2.manufacturer }} | AL1: {{ fp2.model }} | AM1: {{ fp2.rating }} | AN1: {{ fp2.serialnumber }} | AO1: {{ fp2.labelsource }} | AP1: {{ batt1.manufacturer }} | AQ1: {{ batt1.model }} | AR1: {{ batt1.serialnumber }} | AS1: {{ batt2.manufacturer }} | AT1: {{ batt2.model }} | AU1: {{ batt2.serialnumber }} | AV1: {{ batt3.manufacturer }} | AW1: {{ batt3.model }} | AX1: {{ batt3.serialnumber }} | AY1: {{ batt4.manufacturer }} | AZ1: {{ batt4.model }} | BA1: {{ batt4.serialnumber }} | BL1: Field Overrides | BM1: Output File Name | BN1: Attribute | BO1: Folder | BP1: New File Path
A2: 1 | B2: Overview 33 | C2: 1 | D2: 01. 33OVERVIEW.docx | E2: 1 | F2: =Master_List!$AW$1 -> PERPUSTAKAAN PUSAT | G2: =Master_List!$AW$2 -> 09:30 PM | H2: =Master_List!$AW$3 -> 20/07/2026 | I2: =Master_List!$AW$4 -> 28.5 | J2: =Master_List!$AW$5 -> 65 | K2: OVERVIEW FRONT (LHS) | BL2: {} | BM2: page1 | BN2: Visual Image Path | BO2: C:\Users\aremi\Desktop\REPORT CBM\PO TIANU JB\03. Raw Material\40. 10052026 SSU MEDINI SIGNATURE 33KV (VI)\IR | BP2: 1.jpg
A3: 1 | B3: Overview 33 | C3: 1 | D3: 01. 33OVERVIEW.docx | E3: 1 | F3: =Master_List!$AW$1 -> PERPUSTAKAAN PUSAT | G3: =Master_List!$AW$2 -> 09:30 PM | H3: =Master_List!$AW$3 -> 20/07/2026 | I3: =Master_List!$AW$4 -> 28.5 | J3: =Master_List!$AW$5 -> 65 | K3: OVERVIEW FRONT (LHS) | BL3: {} | BM3: page1 | BN3: IR Image Path | BO3: =BO2 -> C:\Users\aremi\Desktop\REPORT CBM\PO TIANU JB\03. Raw Material\40. 10052026 SSU MEDINI SIGNATURE 33KV (VI)\IR | BP3: 2.jpg
A4: 2 | B4: Overview 33 | C4: 1 | D4: 01. 33OVERVIEW.docx | E4: 2 | F4: =Master_List!$AW$1 -> PERPUSTAKAAN PUSAT | G4: =Master_List!$AW$2 -> 09:30 PM | H4: =Master_List!$AW$3 -> 20/07/2026 | I4: =Master_List!$AW$4 -> 28.5 | J4: =Master_List!$AW$5 -> 65 | K4: OVERVIEW FRONT (RHS) | BL4: {} | BM4: page2 | BN4: Visual Image Path | BO4: =BO3 -> C:\Users\aremi\Desktop\REPORT CBM\PO TIANU JB\03. Raw Material\40. 10052026 SSU MEDINI SIGNATURE 33KV (VI)\IR | BP4: 3.jpg
A5: 2 | B5: Overview 33 | C5: 1 | D5: 01. 33OVERVIEW.docx | E5: 2 | F5: =Master_List!$AW$1 -> PERPUSTAKAAN PUSAT | G5: =Master_List!$AW$2 -> 09:30 PM | H5: =Master_List!$AW$3 -> 20/07/2026 | I5: =Master_List!$AW$4 -> 28.5 | J5: =Master_List!$AW$5 -> 65 | K5: OVERVIEW FRONT (RHS) | BL5: {} | BM5: page2 | BN5: IR Image Path | BO5: =BO4 -> C:\Users\aremi\Desktop\REPORT CBM\PO TIANU JB\03. Raw Material\40. 10052026 SSU MEDINI SIGNATURE 33KV (VI)\IR | BP5: 4.jpg
A6: 3 | B6: Overview 33 | C6: 1 | D6: 01. 33OVERVIEW.docx | E6: 3 | F6: =Master_List!$AW$1 -> PERPUSTAKAAN PUSAT | G6: =Master_List!$AW$2 -> 09:30 PM | H6: =Master_List!$AW$3 -> 20/07/2026 | I6: =Master_List!$AW$4 -> 28.5 | J6: =Master_List!$AW$5 -> 65 | K6: OVERVIEW REAR (LHS) | BL6: {} | BM6: page3 | BN6: Visual Image Path | BO6: =BO5 -> C:\Users\aremi\Desktop\REPORT CBM\PO TIANU JB\03. Raw Material\40. 10052026 SSU MEDINI SIGNATURE 33KV (VI)\IR | BP6: 5.jpg
A7: 3 | B7: Overview 33 | C7: 1 | D7: 01. 33OVERVIEW.docx | E7: 3 | F7: =Master_List!$AW$1 -> PERPUSTAKAAN PUSAT | G7: =Master_List!$AW$2 -> 09:30 PM | H7: =Master_List!$AW$3 -> 20/07/2026 | I7: =Master_List!$AW$4 -> 28.5 | J7: =Master_List!$AW$5 -> 65 | K7: OVERVIEW REAR (LHS) | BL7: {} | BM7: page3 | BN7: IR Image Path | BO7: =BO6 -> C:\Users\aremi\Desktop\REPORT CBM\PO TIANU JB\03. Raw Material\40. 10052026 SSU MEDINI SIGNATURE 33KV (VI)\IR | BP7: 6.jpg
A8: 4 | B8: Overview 33 | C8: 1 | D8: 01. 33OVERVIEW.docx | E8: 4 | F8: =Master_List!$AW$1 -> PERPUSTAKAAN PUSAT | G8: =Master_List!$AW$2 -> 09:30 PM | H8: =Master_List!$AW$3 -> 20/07/2026 | I8: =Master_List!$AW$4 -> 28.5 | J8: =Master_List!$AW$5 -> 65 | K8: OVERVIEW REAR (RHS) | BL8: {} | BM8: page4 | BN8: Visual Image Path | BO8: =BO7 -> C:\Users\aremi\Desktop\REPORT CBM\PO TIANU JB\03. Raw Material\40. 10052026 SSU MEDINI SIGNATURE 33KV (VI)\IR | BP8: 7.jpg
A9: 4 | B9: Overview 33 | C9: 1 | D9: 01. 33OVERVIEW.docx | E9: 4 | F9: =Master_List!$AW$1 -> PERPUSTAKAAN PUSAT | G9: =Master_List!$AW$2 -> 09:30 PM | H9: =Master_List!$AW$3 -> 20/07/2026 | I9: =Master_List!$AW$4 -> 28.5 | J9: =Master_List!$AW$5 -> 65 | K9: OVERVIEW REAR (RHS) | BL9: {} | BM9: page4 | BN9: IR Image Path | BO9: =BO8 -> C:\Users\aremi\Desktop\REPORT CBM\PO TIANU JB\03. Raw Material\40. 10052026 SSU MEDINI SIGNATURE 33KV (VI)\IR | BP9: 8.jpg
A10: 5 | B10: Overview 33 | C10: 1 | D10: 01. 33OVERVIEW.docx | E10: 5 | F10: =Master_List!$AW$1 -> PERPUSTAKAAN PUSAT | G10: =Master_List!$AW$2 -> 09:30 PM | H10: =Master_List!$AW$3 -> 20/07/2026 | I10: =Master_List!$AW$4 -> 28.5 | J10: =Master_List!$AW$5 -> 65 | K10: OVERVIEW TOP (LHS) | BL10: {} | BM10: page5 | BN10: Visual Image Path | BO10: =BO9 -> C:\Users\aremi\Desktop\REPORT CBM\PO TIANU JB\03. Raw Material\40. 10052026 SSU MEDINI SIGNATURE 33KV (VI)\IR | BP10: 9.jpg
A11: 5 | B11: Overview 33 | C11: 1 | D11: 01. 33OVERVIEW.docx | E11: 5 | F11: =Master_List!$AW$1 -> PERPUSTAKAAN PUSAT | G11: =Master_List!$AW$2 -> 09:30 PM | H11: =Master_List!$AW$3 -> 20/07/2026 | I11: =Master_List!$AW$4 -> 28.5 | J11: =Master_List!$AW$5 -> 65 | K11: OVERVIEW TOP (LHS) | BL11: {} | BM11: page5 | BN11: IR Image Path | BO11: =BO10 -> C:\Users\aremi\Desktop\REPORT CBM\PO TIANU JB\03. Raw Material\40. 10052026 SSU MEDINI SIGNATURE 33KV (VI)\IR | BP11: 10.jpg
A12: 6 | B12: Overview 33 | C12: 1 | D12: 01. 33OVERVIEW.docx | E12: 6 | F12: =Master_List!$AW$1 -> PERPUSTAKAAN PUSAT | G12: =Master_List!$AW$2 -> 09:30 PM | H12: =Master_List!$AW$3 -> 20/07/2026 | I12: =Master_List!$AW$4 -> 28.5 | J12: =Master_List!$AW$5 -> 65 | K12: OVERVIEW TOP (RHS) | BL12: {} | BM12: page6 | BN12: Visual Image Path | BO12: =BO11 -> C:\Users\aremi\Desktop\REPORT CBM\PO TIANU JB\03. Raw Material\40. 10052026 SSU MEDINI SIGNATURE 33KV (VI)\IR | BP12: 11.jpg
A13: 6 | B13: Overview 33 | C13: 1 | D13: 01. 33OVERVIEW.docx | E13: 6 | F13: =Master_List!$AW$1 -> PERPUSTAKAAN PUSAT | G13: =Master_List!$AW$2 -> 09:30 PM | H13: =Master_List!$AW$3 -> 20/07/2026 | I13: =Master_List!$AW$4 -> 28.5 | J13: =Master_List!$AW$5 -> 65 | K13: OVERVIEW TOP (RHS) | BL13: {} | BM13: page6 | BN13: IR Image Path | BO13: =BO12 -> C:\Users\aremi\Desktop\REPORT CBM\PO TIANU JB\03. Raw Material\40. 10052026 SSU MEDINI SIGNATURE 33KV (VI)\IR | BP13: 12.jpg
A14: 7 | B14: Overview 33 | C14: 1 | D14: 01. 33OVERVIEW.docx | E14: 7 | F14: =Master_List!$AW$1 -> PERPUSTAKAAN PUSAT | G14: =Master_List!$AW$2 -> 09:30 PM | H14: =Master_List!$AW$3 -> 20/07/2026 | I14: =Master_List!$AW$4 -> 28.5 | J14: =Master_List!$AW$5 -> 65 | K14: OVERVIEW BUSBAR (LHS) | BL14: {} | BM14: page7 | BN14: Visual Image Path | BO14: =BO13 -> C:\Users\aremi\Desktop\REPORT CBM\PO TIANU JB\03. Raw Material\40. 10052026 SSU MEDINI SIGNATURE 33KV (VI)\IR | BP14: 13.jpg
... A905: 452 | B905: N.E.R | C905: 13 | D905: 36. N.E.R.docx | E905: 1 | F905: =Master_List!$AW$1 -> PERPUSTAKAAN PUSAT | G905: =Master_List!$AW$2 -> 09:30 PM | H905: =Master_List!$AW$3 -> 20/07/2026 | I905: =Master_List!$AW$4 -> 28.5 | J905: =Master_List!$AW$5 -> 65 | K905: OVERVIEW | BL905: {} | BM905: page452 | BN905: IR Image Path | BO905: =BO904 -> C:\Users\aremi\Desktop\REPORT CBM\PO TIANU JB\03. Raw Material\40. 10052026 SSU MEDINI SIGNATURE 33KV (VI)\IR | BP905: 1556.jpg

Sheet Image_Mapping_VCB
A1: No | B1: Type | C1: Group | D1: Word Template | E1: Template Page No | F1: {{ substation.name_erms }} | G1: {{ substation.time }} | H1: {{ substation.date }} | I1: {{ substation.ambient }} | J1: {{ substation.humidity }} | K1: {{ swg.area }} | L1: {{ panel.linknumber }} | M1: {{ panel.name }} | N1: {{ panel.cabletype }} | O1: {{ panel.breakerstatus }} | P1: {{ panel.busbarposition }} | Q1: {{ panel.loadamp }} | R1: {{ panel.heateramp }} | S1: {{ swg.serialnumber }} | T1: {{ swg.manufacturer }} | U1: {{ swg.type }} | V1: {{ swg.rating }} | W1: {{ swg.model }} | X1: {{ tx1.manufacturer }} | Y1: {{ tx1.model }} | Z1: {{ tx1.rating }} | AA1: {{ tx1.serialnumber }} | AB1: {{ tx2.manufacturer }} | AC1: {{ tx2.model }} | AD1: {{ tx2.rating }} | AE1: {{ tx2.serialnumber }} | AF1: {{ fp1.manufacturer }} | AG1: {{ fp1.model }} | AH1: {{ fp1.rating }} | AI1: {{ fp1.serialnumber }} | AJ1: {{ fp1.labelsource }} | AK1: {{ fp2.manufacturer }} | AL1: {{ fp2.model }} | AM1: {{ fp2.rating }} | AN1: {{ fp2.serialnumber }} | AO1: {{ fp2.labelsource }} | AP1: {{ batt1.manufacturer }} | AQ1: {{ batt1.model }} | AR1: {{ batt1.serialnumber }} | AS1: {{ batt2.manufacturer }} | AT1: {{ batt2.model }} | AU1: {{ batt2.serialnumber }} | AV1: {{ batt3.manufacturer }} | AW1: {{ batt3.model }} | AX1: {{ batt3.serialnumber }} | AY1: {{ batt4.manufacturer }} | AZ1: {{ batt4.model }} | BA1: {{ batt4.serialnumber }} | BB1: {{ panel.db_level }} | BC1: {{ panel.us.char }} | BD1: Field Overrides | BE1: Output File Name | BF1: Attribute | BG1: Folder | BH1: Image File Name
A2: 1 | B2: Overview | C2: 1 | D2: 01. vcb-overview.docx | E2: 1 | F2: =Master_List!$AW$1 -> PERPUSTAKAAN PUSAT | G2: =Master_List!$AW$2 -> 09:30 PM | H2: =Master_List!$AW$3 -> 20/07/2026 | I2: =Master_List!$AW$4 -> 28.5 | J2: =Master_List!$AW$5 -> 65 | K2: OVERVIEW FRONT (LHS) | L2: =IFERROR(VLOOKUP(B2, Master_List!$A:$I, 2, FALSE), "-") -> - | M2: =IFERROR(VLOOKUP(B2, Master_List!$A:$I, 3, FALSE), "-") -> - | N2: =IFERROR(VLOOKUP(B2, Master_List!$A:$I, 4, FALSE), "-") -> - | O2: =IFERROR(VLOOKUP(B2, Master_List!$A:$I, 5, FALSE), "-") -> - | P2: =IFERROR(VLOOKUP(B2, Master_List!$A:$I, 6, FALSE), "-") -> - | Q2: =IFERROR(VLOOKUP(B2, Master_List!$A:$I, 7, FALSE), "-") -> - | R2: =IFERROR(VLOOKUP(B2, Master_List!$A:$I, 8, FALSE), "-") -> - | S2: =IFERROR(VLOOKUP(B2, Master_List!$A:$I, 9, FALSE), "-") -> - | T2: =Master_List!$AW$6 -> TOSHIBA | U2: =Master_List!$AW$7 -> MRMU | V2: =Master_List!$AW$8 -> 12kV | W2: =Master_List!$AW$9 -> 2S1F | X2: =Master_List!$AW$10 -> MTM | Y2: =Master_List!$AW$11 -> HERMETICALLY SEAL | Z2: =Master_List!$AW$12 -> 750kVA | AA2: =Master_List!$AW$13 -> 1317 | AB2: =Master_List!$AW$14 -> 0 | AC2: =Master_List!$AW$15 -> 0 | AD2: =Master_List!$AW$16 -> 0 | AE2: =Master_List!$AW$17 -> 0 | AF2: =Master_List!$AW$18 -> INDKOM | AG2: =Master_List!$AW$19 -> J-SLOTTED | AH2: =Master_List!$AW$20 -> 1600A | AI2: =Master_List!$AW$21 -> LV5080090 | AJ2: =Master_List!$AW$22 -> LVDB TX1 | AK2: =Master_List!$AW$23 -> 0 | AL2: =Master_List!$AW$24 -> 0 | AM2: =Master_List!$AW$25 -> 0 | AN2: =Master_List!$AW$26 -> 0 | AO2: =Master_List!$AW$27 -> LVDB TX2 | AP2: =Master_List!$AW$28 -> SUNPOWER TECHNOLOGIES | AQ2: =Master_List!$AW$29 -> SPS 30-10 L | AR2: =Master_List!$AW$30 -> 11193-8527 | AS2: =Master_List!$AW$31 -> 0 | AT2: =Master_List!$AW$32 -> 0 | AU2: =Master_List!$AW$33 -> 0 | AV2: =Master_List!$AW$34 -> 0 | AW2: =Master_List!$AW$35 -> 0 | AX2: =Master_List!$AW$36 -> 0 | AY2: =Master_List!$AW$37 -> 0 | AZ2: =Master_List!$AW$38 -> 0 | BA2: =Master_List!$AW$39 -> 0 | BB2: 0dB | BC2: Normal | BD2: {} | BE2: page1 | BF2: Visual Image Path | BG2: =Master_List!AZ1 -> C:\Users\aremi\Desktop\REPORT CBM\PO 42289580 - Pahang 11kV SECOND CYCLE AZZAD 2026\RAW MATERIAL\047. TNB BARU (IR+VI)\RAW DATA\IR | BH2: 1.jpg
A3: 1 | B3: Overview | C3: 1 | D3: 01. vcb-overview.docx | E3: 1 | F3: =Master_List!$AW$1 -> PERPUSTAKAAN PUSAT | G3: =Master_List!$AW$2 -> 09:30 PM | H3: =Master_List!$AW$3 -> 20/07/2026 | I3: =Master_List!$AW$4 -> 28.5 | J3: =Master_List!$AW$5 -> 65 | K3: OVERVIEW FRONT (LHS) | L3: =IFERROR(VLOOKUP(B3, Master_List!$A:$I, 2, FALSE), "-") -> - | M3: =IFERROR(VLOOKUP(B3, Master_List!$A:$I, 3, FALSE), "-") -> - | N3: =IFERROR(VLOOKUP(B3, Master_List!$A:$I, 4, FALSE), "-") -> - | O3: =IFERROR(VLOOKUP(B3, Master_List!$A:$I, 5, FALSE), "-") -> - | P3: =IFERROR(VLOOKUP(B3, Master_List!$A:$I, 6, FALSE), "-") -> - | Q3: =IFERROR(VLOOKUP(B3, Master_List!$A:$I, 7, FALSE), "-") -> - | R3: =IFERROR(VLOOKUP(B3, Master_List!$A:$I, 8, FALSE), "-") -> - | S3: =IFERROR(VLOOKUP(B3, Master_List!$A:$I, 9, FALSE), "-") -> - | T3: =Master_List!$AW$6 -> TOSHIBA | U3: =Master_List!$AW$7 -> MRMU | V3: =Master_List!$AW$8 -> 12kV | W3: =Master_List!$AW$9 -> 2S1F | X3: =Master_List!$AW$10 -> MTM | Y3: =Master_List!$AW$11 -> HERMETICALLY SEAL | Z3: =Master_List!$AW$12 -> 750kVA | AA3: =Master_List!$AW$13 -> 1317 | AB3: =Master_List!$AW$14 -> 0 | AC3: =Master_List!$AW$15 -> 0 | AD3: =Master_List!$AW$16 -> 0 | AE3: =Master_List!$AW$17 -> 0 | AF3: =Master_List!$AW$18 -> INDKOM | AG3: =Master_List!$AW$19 -> J-SLOTTED | AH3: =Master_List!$AW$20 -> 1600A | AI3: =Master_List!$AW$21 -> LV5080090 | AJ3: =Master_List!$AW$22 -> LVDB TX1 | AK3: =Master_List!$AW$23 -> 0 | AL3: =Master_List!$AW$24 -> 0 | AM3: =Master_List!$AW$25 -> 0 | AN3: =Master_List!$AW$26 -> 0 | AO3: =Master_List!$AW$27 -> LVDB TX2 | AP3: =Master_List!$AW$28 -> SUNPOWER TECHNOLOGIES | AQ3: =Master_List!$AW$29 -> SPS 30-10 L | AR3: =Master_List!$AW$30 -> 11193-8527 | AS3: =Master_List!$AW$31 -> 0 | AT3: =Master_List!$AW$32 -> 0 | AU3: =Master_List!$AW$33 -> 0 | AV3: =Master_List!$AW$34 -> 0 | AW3: =Master_List!$AW$35 -> 0 | AX3: =Master_List!$AW$36 -> 0 | AY3: =Master_List!$AW$37 -> 0 | AZ3: =Master_List!$AW$38 -> 0 | BA3: =Master_List!$AW$39 -> 0 | BB3: 0dB | BC3: Normal | BD3: {} | BE3: page1 | BF3: IR Image Path | BG3: =BG2 -> C:\Users\aremi\Desktop\REPORT CBM\PO 42289580 - Pahang 11kV SECOND CYCLE AZZAD 2026\RAW MATERIAL\047. TNB BARU (IR+VI)\RAW DATA\IR | BH3: 2.jpg
A4: 2 | B4: Overview | C4: 1 | D4: 01. vcb-overview.docx | E4: 2 | F4: =Master_List!$AW$1 -> PERPUSTAKAAN PUSAT | G4: =Master_List!$AW$2 -> 09:30 PM | H4: =Master_List!$AW$3 -> 20/07/2026 | I4: =Master_List!$AW$4 -> 28.5 | J4: =Master_List!$AW$5 -> 65 | K4: OVERVIEW FRONT (RHS) | L4: =IFERROR(VLOOKUP(B4, Master_List!$A:$I, 2, FALSE), "-") -> - | M4: =IFERROR(VLOOKUP(B4, Master_List!$A:$I, 3, FALSE), "-") -> - | N4: =IFERROR(VLOOKUP(B4, Master_List!$A:$I, 4, FALSE), "-") -> - | O4: =IFERROR(VLOOKUP(B4, Master_List!$A:$I, 5, FALSE), "-") -> - | P4: =IFERROR(VLOOKUP(B4, Master_List!$A:$I, 6, FALSE), "-") -> - | Q4: =IFERROR(VLOOKUP(B4, Master_List!$A:$I, 7, FALSE), "-") -> - | R4: =IFERROR(VLOOKUP(B4, Master_List!$A:$I, 8, FALSE), "-") -> - | S4: =IFERROR(VLOOKUP(B4, Master_List!$A:$I, 9, FALSE), "-") -> - | T4: =Master_List!$AW$6 -> TOSHIBA | U4: =Master_List!$AW$7 -> MRMU | V4: =Master_List!$AW$8 -> 12kV | W4: =Master_List!$AW$9 -> 2S1F | X4: =Master_List!$AW$10 -> MTM | Y4: =Master_List!$AW$11 -> HERMETICALLY SEAL | Z4: =Master_List!$AW$12 -> 750kVA | AA4: =Master_List!$AW$13 -> 1317 | AB4: =Master_List!$AW$14 -> 0 | AC4: =Master_List!$AW$15 -> 0 | AD4: =Master_List!$AW$16 -> 0 | AE4: =Master_List!$AW$17 -> 0 | AF4: =Master_List!$AW$18 -> INDKOM | AG4: =Master_List!$AW$19 -> J-SLOTTED | AH4: =Master_List!$AW$20 -> 1600A | AI4: =Master_List!$AW$21 -> LV5080090 | AJ4: =Master_List!$AW$22 -> LVDB TX1 | AK4: =Master_List!$AW$23 -> 0 | AL4: =Master_List!$AW$24 -> 0 | AM4: =Master_List!$AW$25 -> 0 | AN4: =Master_List!$AW$26 -> 0 | AO4: =Master_List!$AW$27 -> LVDB TX2 | AP4: =Master_List!$AW$28 -> SUNPOWER TECHNOLOGIES | AQ4: =Master_List!$AW$29 -> SPS 30-10 L | AR4: =Master_List!$AW$30 -> 11193-8527 | AS4: =Master_List!$AW$31 -> 0 | AT4: =Master_List!$AW$32 -> 0 | AU4: =Master_List!$AW$33 -> 0 | AV4: =Master_List!$AW$34 -> 0 | AW4: =Master_List!$AW$35 -> 0 | AX4: =Master_List!$AW$36 -> 0 | AY4: =Master_List!$AW$37 -> 0 | AZ4: =Master_List!$AW$38 -> 0 | BA4: =Master_List!$AW$39 -> 0 | BB4: 0dB | BC4: Normal | BD4: {} | BE4: page2 | BF4: Visual Image Path | BG4: =BG3 -> C:\Users\aremi\Desktop\REPORT CBM\PO 42289580 - Pahang 11kV SECOND CYCLE AZZAD 2026\RAW MATERIAL\047. TNB BARU (IR+VI)\RAW DATA\IR | BH4: 3.jpg
A5: 2 | B5: Overview | C5: 1 | D5: 01. vcb-overview.docx | E5: 2 | F5: =Master_List!$AW$1 -> PERPUSTAKAAN PUSAT | G5: =Master_List!$AW$2 -> 09:30 PM | H5: =Master_List!$AW$3 -> 20/07/2026 | I5: =Master_List!$AW$4 -> 28.5 | J5: =Master_List!$AW$5 -> 65 | K5: OVERVIEW FRONT (RHS) | L5: =IFERROR(VLOOKUP(B5, Master_List!$A:$I, 2, FALSE), "-") -> - | M5: =IFERROR(VLOOKUP(B5, Master_List!$A:$I, 3, FALSE), "-") -> - | N5: =IFERROR(VLOOKUP(B5, Master_List!$A:$I, 4, FALSE), "-") -> - | O5: =IFERROR(VLOOKUP(B5, Master_List!$A:$I, 5, FALSE), "-") -> - | P5: =IFERROR(VLOOKUP(B5, Master_List!$A:$I, 6, FALSE), "-") -> - | Q5: =IFERROR(VLOOKUP(B5, Master_List!$A:$I, 7, FALSE), "-") -> - | R5: =IFERROR(VLOOKUP(B5, Master_List!$A:$I, 8, FALSE), "-") -> - | S5: =IFERROR(VLOOKUP(B5, Master_List!$A:$I, 9, FALSE), "-") -> - | T5: =Master_List!$AW$6 -> TOSHIBA | U5: =Master_List!$AW$7 -> MRMU | V5: =Master_List!$AW$8 -> 12kV | W5: =Master_List!$AW$9 -> 2S1F | X5: =Master_List!$AW$10 -> MTM | Y5: =Master_List!$AW$11 -> HERMETICALLY SEAL | Z5: =Master_List!$AW$12 -> 750kVA | AA5: =Master_List!$AW$13 -> 1317 | AB5: =Master_List!$AW$14 -> 0 | AC5: =Master_List!$AW$15 -> 0 | AD5: =Master_List!$AW$16 -> 0 | AE5: =Master_List!$AW$17 -> 0 | AF5: =Master_List!$AW$18 -> INDKOM | AG5: =Master_List!$AW$19 -> J-SLOTTED | AH5: =Master_List!$AW$20 -> 1600A | AI5: =Master_List!$AW$21 -> LV5080090 | AJ5: =Master_List!$AW$22 -> LVDB TX1 | AK5: =Master_List!$AW$23 -> 0 | AL5: =Master_List!$AW$24 -> 0 | AM5: =Master_List!$AW$25 -> 0 | AN5: =Master_List!$AW$26 -> 0 | AO5: =Master_List!$AW$27 -> LVDB TX2 | AP5: =Master_List!$AW$28 -> SUNPOWER TECHNOLOGIES | AQ5: =Master_List!$AW$29 -> SPS 30-10 L | AR5: =Master_List!$AW$30 -> 11193-8527 | AS5: =Master_List!$AW$31 -> 0 | AT5: =Master_List!$AW$32 -> 0 | AU5: =Master_List!$AW$33 -> 0 | AV5: =Master_List!$AW$34 -> 0 | AW5: =Master_List!$AW$35 -> 0 | AX5: =Master_List!$AW$36 -> 0 | AY5: =Master_List!$AW$37 -> 0 | AZ5: =Master_List!$AW$38 -> 0 | BA5: =Master_List!$AW$39 -> 0 | BB5: 0dB | BC5: Normal | BD5: {} | BE5: page2 | BF5: IR Image Path | BG5: =BG4 -> C:\Users\aremi\Desktop\REPORT CBM\PO 42289580 - Pahang 11kV SECOND CYCLE AZZAD 2026\RAW MATERIAL\047. TNB BARU (IR+VI)\RAW DATA\IR | BH5: 4.jpg
A6: 3 | B6: Overview | C6: 1 | D6: 01. vcb-overview.docx | E6: 3 | F6: =Master_List!$AW$1 -> PERPUSTAKAAN PUSAT | G6: =Master_List!$AW$2 -> 09:30 PM | H6: =Master_List!$AW$3 -> 20/07/2026 | I6: =Master_List!$AW$4 -> 28.5 | J6: =Master_List!$AW$5 -> 65 | K6: OVERVIEW REAR (LHS) | L6: =IFERROR(VLOOKUP(B6, Master_List!$A:$I, 2, FALSE), "-") -> - | M6: =IFERROR(VLOOKUP(B6, Master_List!$A:$I, 3, FALSE), "-") -> - | N6: =IFERROR(VLOOKUP(B6, Master_List!$A:$I, 4, FALSE), "-") -> - | O6: =IFERROR(VLOOKUP(B6, Master_List!$A:$I, 5, FALSE), "-") -> - | P6: =IFERROR(VLOOKUP(B6, Master_List!$A:$I, 6, FALSE), "-") -> - | Q6: =IFERROR(VLOOKUP(B6, Master_List!$A:$I, 7, FALSE), "-") -> - | R6: =IFERROR(VLOOKUP(B6, Master_List!$A:$I, 8, FALSE), "-") -> - | S6: =IFERROR(VLOOKUP(B6, Master_List!$A:$I, 9, FALSE), "-") -> - | T6: =Master_List!$AW$6 -> TOSHIBA | U6: =Master_List!$AW$7 -> MRMU | V6: =Master_List!$AW$8 -> 12kV | W6: =Master_List!$AW$9 -> 2S1F | X6: =Master_List!$AW$10 -> MTM | Y6: =Master_List!$AW$11 -> HERMETICALLY SEAL | Z6: =Master_List!$AW$12 -> 750kVA | AA6: =Master_List!$AW$13 -> 1317 | AB6: =Master_List!$AW$14 -> 0 | AC6: =Master_List!$AW$15 -> 0 | AD6: =Master_List!$AW$16 -> 0 | AE6: =Master_List!$AW$17 -> 0 | AF6: =Master_List!$AW$18 -> INDKOM | AG6: =Master_List!$AW$19 -> J-SLOTTED | AH6: =Master_List!$AW$20 -> 1600A | AI6: =Master_List!$AW$21 -> LV5080090 | AJ6: =Master_List!$AW$22 -> LVDB TX1 | AK6: =Master_List!$AW$23 -> 0 | AL6: =Master_List!$AW$24 -> 0 | AM6: =Master_List!$AW$25 -> 0 | AN6: =Master_List!$AW$26 -> 0 | AO6: =Master_List!$AW$27 -> LVDB TX2 | AP6: =Master_List!$AW$28 -> SUNPOWER TECHNOLOGIES | AQ6: =Master_List!$AW$29 -> SPS 30-10 L | AR6: =Master_List!$AW$30 -> 11193-8527 | AS6: =Master_List!$AW$31 -> 0 | AT6: =Master_List!$AW$32 -> 0 | AU6: =Master_List!$AW$33 -> 0 | AV6: =Master_List!$AW$34 -> 0 | AW6: =Master_List!$AW$35 -> 0 | AX6: =Master_List!$AW$36 -> 0 | AY6: =Master_List!$AW$37 -> 0 | AZ6: =Master_List!$AW$38 -> 0 | BA6: =Master_List!$AW$39 -> 0 | BB6: 0dB | BC6: Normal | BD6: {} | BE6: page3 | BF6: Visual Image Path | BG6: =BG5 -> C:\Users\aremi\Desktop\REPORT CBM\PO 42289580 - Pahang 11kV SECOND CYCLE AZZAD 2026\RAW MATERIAL\047. TNB BARU (IR+VI)\RAW DATA\IR | BH6: 5.jpg
A7: 3 | B7: Overview | C7: 1 | D7: 01. vcb-overview.docx | E7: 3 | F7: =Master_List!$AW$1 -> PERPUSTAKAAN PUSAT | G7: =Master_List!$AW$2 -> 09:30 PM | H7: =Master_List!$AW$3 -> 20/07/2026 | I7: =Master_List!$AW$4 -> 28.5 | J7: =Master_List!$AW$5 -> 65 | K7: OVERVIEW REAR (LHS) | L7: =IFERROR(VLOOKUP(B7, Master_List!$A:$I, 2, FALSE), "-") -> - | M7: =IFERROR(VLOOKUP(B7, Master_List!$A:$I, 3, FALSE), "-") -> - | N7: =IFERROR(VLOOKUP(B7, Master_List!$A:$I, 4, FALSE), "-") -> - | O7: =IFERROR(VLOOKUP(B7, Master_List!$A:$I, 5, FALSE), "-") -> - | P7: =IFERROR(VLOOKUP(B7, Master_List!$A:$I, 6, FALSE), "-") -> - | Q7: =IFERROR(VLOOKUP(B7, Master_List!$A:$I, 7, FALSE), "-") -> - | R7: =IFERROR(VLOOKUP(B7, Master_List!$A:$I, 8, FALSE), "-") -> - | S7: =IFERROR(VLOOKUP(B7, Master_List!$A:$I, 9, FALSE), "-") -> - | T7: =Master_List!$AW$6 -> TOSHIBA | U7: =Master_List!$AW$7 -> MRMU | V7: =Master_List!$AW$8 -> 12kV | W7: =Master_List!$AW$9 -> 2S1F | X7: =Master_List!$AW$10 -> MTM | Y7: =Master_List!$AW$11 -> HERMETICALLY SEAL | Z7: =Master_List!$AW$12 -> 750kVA | AA7: =Master_List!$AW$13 -> 1317 | AB7: =Master_List!$AW$14 -> 0 | AC7: =Master_List!$AW$15 -> 0 | AD7: =Master_List!$AW$16 -> 0 | AE7: =Master_List!$AW$17 -> 0 | AF7: =Master_List!$AW$18 -> INDKOM | AG7: =Master_List!$AW$19 -> J-SLOTTED | AH7: =Master_List!$AW$20 -> 1600A | AI7: =Master_List!$AW$21 -> LV5080090 | AJ7: =Master_List!$AW$22 -> LVDB TX1 | AK7: =Master_List!$AW$23 -> 0 | AL7: =Master_List!$AW$24 -> 0 | AM7: =Master_List!$AW$25 -> 0 | AN7: =Master_List!$AW$26 -> 0 | AO7: =Master_List!$AW$27 -> LVDB TX2 | AP7: =Master_List!$AW$28 -> SUNPOWER TECHNOLOGIES | AQ7: =Master_List!$AW$29 -> SPS 30-10 L | AR7: =Master_List!$AW$30 -> 11193-8527 | AS7: =Master_List!$AW$31 -> 0 | AT7: =Master_List!$AW$32 -> 0 | AU7: =Master_List!$AW$33 -> 0 | AV7: =Master_List!$AW$34 -> 0 | AW7: =Master_List!$AW$35 -> 0 | AX7: =Master_List!$AW$36 -> 0 | AY7: =Master_List!$AW$37 -> 0 | AZ7: =Master_List!$AW$38 -> 0 | BA7: =Master_List!$AW$39 -> 0 | BB7: 0dB | BC7: Normal | BD7: {} | BE7: page3 | BF7: IR Image Path | BG7: =BG6 -> C:\Users\aremi\Desktop\REPORT CBM\PO 42289580 - Pahang 11kV SECOND CYCLE AZZAD 2026\RAW MATERIAL\047. TNB BARU (IR+VI)\RAW DATA\IR | BH7: 6.jpg
A8: 4 | B8: Overview | C8: 1 | D8: 01. vcb-overview.docx | E8: 4 | F8: =Master_List!$AW$1 -> PERPUSTAKAAN PUSAT | G8: =Master_List!$AW$2 -> 09:30 PM | H8: =Master_List!$AW$3 -> 20/07/2026 | I8: =Master_List!$AW$4 -> 28.5 | J8: =Master_List!$AW$5 -> 65 | K8: OVERVIEW REAR (RHS) | L8: =IFERROR(VLOOKUP(B8, Master_List!$A:$I, 2, FALSE), "-") -> - | M8: =IFERROR(VLOOKUP(B8, Master_List!$A:$I, 3, FALSE), "-") -> - | N8: =IFERROR(VLOOKUP(B8, Master_List!$A:$I, 4, FALSE), "-") -> - | O8: =IFERROR(VLOOKUP(B8, Master_List!$A:$I, 5, FALSE), "-") -> - | P8: =IFERROR(VLOOKUP(B8, Master_List!$A:$I, 6, FALSE), "-") -> - | Q8: =IFERROR(VLOOKUP(B8, Master_List!$A:$I, 7, FALSE), "-") -> - | R8: =IFERROR(VLOOKUP(B8, Master_List!$A:$I, 8, FALSE), "-") -> - | S8: =IFERROR(VLOOKUP(B8, Master_List!$A:$I, 9, FALSE), "-") -> - | T8: =Master_List!$AW$6 -> TOSHIBA | U8: =Master_List!$AW$7 -> MRMU | V8: =Master_List!$AW$8 -> 12kV | W8: =Master_List!$AW$9 -> 2S1F | X8: =Master_List!$AW$10 -> MTM | Y8: =Master_List!$AW$11 -> HERMETICALLY SEAL | Z8: =Master_List!$AW$12 -> 750kVA | AA8: =Master_List!$AW$13 -> 1317 | AB8: =Master_List!$AW$14 -> 0 | AC8: =Master_List!$AW$15 -> 0 | AD8: =Master_List!$AW$16 -> 0 | AE8: =Master_List!$AW$17 -> 0 | AF8: =Master_List!$AW$18 -> INDKOM | AG8: =Master_List!$AW$19 -> J-SLOTTED | AH8: =Master_List!$AW$20 -> 1600A | AI8: =Master_List!$AW$21 -> LV5080090 | AJ8: =Master_List!$AW$22 -> LVDB TX1 | AK8: =Master_List!$AW$23 -> 0 | AL8: =Master_List!$AW$24 -> 0 | AM8: =Master_List!$AW$25 -> 0 | AN8: =Master_List!$AW$26 -> 0 | AO8: =Master_List!$AW$27 -> LVDB TX2 | AP8: =Master_List!$AW$28 -> SUNPOWER TECHNOLOGIES | AQ8: =Master_List!$AW$29 -> SPS 30-10 L | AR8: =Master_List!$AW$30 -> 11193-8527 | AS8: =Master_List!$AW$31 -> 0 | AT8: =Master_List!$AW$32 -> 0 | AU8: =Master_List!$AW$33 -> 0 | AV8: =Master_List!$AW$34 -> 0 | AW8: =Master_List!$AW$35 -> 0 | AX8: =Master_List!$AW$36 -> 0 | AY8: =Master_List!$AW$37 -> 0 | AZ8: =Master_List!$AW$38 -> 0 | BA8: =Master_List!$AW$39 -> 0 | BB8: 0dB | BC8: Normal | BD8: {} | BE8: page4 | BF8: Visual Image Path | BG8: =BG7 -> C:\Users\aremi\Desktop\REPORT CBM\PO 42289580 - Pahang 11kV SECOND CYCLE AZZAD 2026\RAW MATERIAL\047. TNB BARU (IR+VI)\RAW DATA\IR | BH8: 7.jpg
A9: 4 | B9: Overview | C9: 1 | D9: 01. vcb-overview.docx | E9: 4 | F9: =Master_List!$AW$1 -> PERPUSTAKAAN PUSAT | G9: =Master_List!$AW$2 -> 09:30 PM | H9: =Master_List!$AW$3 -> 20/07/2026 | I9: =Master_List!$AW$4 -> 28.5 | J9: =Master_List!$AW$5 -> 65 | K9: OVERVIEW REAR (RHS) | L9: =IFERROR(VLOOKUP(B9, Master_List!$A:$I, 2, FALSE), "-") -> - | M9: =IFERROR(VLOOKUP(B9, Master_List!$A:$I, 3, FALSE), "-") -> - | N9: =IFERROR(VLOOKUP(B9, Master_List!$A:$I, 4, FALSE), "-") -> - | O9: =IFERROR(VLOOKUP(B9, Master_List!$A:$I, 5, FALSE), "-") -> - | P9: =IFERROR(VLOOKUP(B9, Master_List!$A:$I, 6, FALSE), "-") -> - | Q9: =IFERROR(VLOOKUP(B9, Master_List!$A:$I, 7, FALSE), "-") -> - | R9: =IFERROR(VLOOKUP(B9, Master_List!$A:$I, 8, FALSE), "-") -> - | S9: =IFERROR(VLOOKUP(B9, Master_List!$A:$I, 9, FALSE), "-") -> - | T9: =Master_List!$AW$6 -> TOSHIBA | U9: =Master_List!$AW$7 -> MRMU | V9: =Master_List!$AW$8 -> 12kV | W9: =Master_List!$AW$9 -> 2S1F | X9: =Master_List!$AW$10 -> MTM | Y9: =Master_List!$AW$11 -> HERMETICALLY SEAL | Z9: =Master_List!$AW$12 -> 750kVA | AA9: =Master_List!$AW$13 -> 1317 | AB9: =Master_List!$AW$14 -> 0 | AC9: =Master_List!$AW$15 -> 0 | AD9: =Master_List!$AW$16 -> 0 | AE9: =Master_List!$AW$17 -> 0 | AF9: =Master_List!$AW$18 -> INDKOM | AG9: =Master_List!$AW$19 -> J-SLOTTED | AH9: =Master_List!$AW$20 -> 1600A | AI9: =Master_List!$AW$21 -> LV5080090 | AJ9: =Master_List!$AW$22 -> LVDB TX1 | AK9: =Master_List!$AW$23 -> 0 | AL9: =Master_List!$AW$24 -> 0 | AM9: =Master_List!$AW$25 -> 0 | AN9: =Master_List!$AW$26 -> 0 | AO9: =Master_List!$AW$27 -> LVDB TX2 | AP9: =Master_List!$AW$28 -> SUNPOWER TECHNOLOGIES | AQ9: =Master_List!$AW$29 -> SPS 30-10 L | AR9: =Master_List!$AW$30 -> 11193-8527 | AS9: =Master_List!$AW$31 -> 0 | AT9: =Master_List!$AW$32 -> 0 | AU9: =Master_List!$AW$33 -> 0 | AV9: =Master_List!$AW$34 -> 0 | AW9: =Master_List!$AW$35 -> 0 | AX9: =Master_List!$AW$36 -> 0 | AY9: =Master_List!$AW$37 -> 0 | AZ9: =Master_List!$AW$38 -> 0 | BA9: =Master_List!$AW$39 -> 0 | BB9: 0dB | BC9: Normal | BD9: {} | BE9: page4 | BF9: IR Image Path | BG9: =BG8 -> C:\Users\aremi\Desktop\REPORT CBM\PO 42289580 - Pahang 11kV SECOND CYCLE AZZAD 2026\RAW MATERIAL\047. TNB BARU (IR+VI)\RAW DATA\IR | BH9: 8.jpg
A10: 5 | B10: Overview | C10: 1 | D10: 01. vcb-overview.docx | E10: 5 | F10: =Master_List!$AW$1 -> PERPUSTAKAAN PUSAT | G10: =Master_List!$AW$2 -> 09:30 PM | H10: =Master_List!$AW$3 -> 20/07/2026 | I10: =Master_List!$AW$4 -> 28.5 | J10: =Master_List!$AW$5 -> 65 | K10: OVERVIEW TOP (LHS) | L10: =IFERROR(VLOOKUP(B10, Master_List!$A:$I, 2, FALSE), "-") -> - | M10: =IFERROR(VLOOKUP(B10, Master_List!$A:$I, 3, FALSE), "-") -> - | N10: =IFERROR(VLOOKUP(B10, Master_List!$A:$I, 4, FALSE), "-") -> - | O10: =IFERROR(VLOOKUP(B10, Master_List!$A:$I, 5, FALSE), "-") -> - | P10: =IFERROR(VLOOKUP(B10, Master_List!$A:$I, 6, FALSE), "-") -> - | Q10: =IFERROR(VLOOKUP(B10, Master_List!$A:$I, 7, FALSE), "-") -> - | R10: =IFERROR(VLOOKUP(B10, Master_List!$A:$I, 8, FALSE), "-") -> - | S10: =IFERROR(VLOOKUP(B10, Master_List!$A:$I, 9, FALSE), "-") -> - | T10: =Master_List!$AW$6 -> TOSHIBA | U10: =Master_List!$AW$7 -> MRMU | V10: =Master_List!$AW$8 -> 12kV | W10: =Master_List!$AW$9 -> 2S1F | X10: =Master_List!$AW$10 -> MTM | Y10: =Master_List!$AW$11 -> HERMETICALLY SEAL | Z10: =Master_List!$AW$12 -> 750kVA | AA10: =Master_List!$AW$13 -> 1317 | AB10: =Master_List!$AW$14 -> 0 | AC10: =Master_List!$AW$15 -> 0 | AD10: =Master_List!$AW$16 -> 0 | AE10: =Master_List!$AW$17 -> 0 | AF10: =Master_List!$AW$18 -> INDKOM | AG10: =Master_List!$AW$19 -> J-SLOTTED | AH10: =Master_List!$AW$20 -> 1600A | AI10: =Master_List!$AW$21 -> LV5080090 | AJ10: =Master_List!$AW$22 -> LVDB TX1 | AK10: =Master_List!$AW$23 -> 0 | AL10: =Master_List!$AW$24 -> 0 | AM10: =Master_List!$AW$25 -> 0 | AN10: =Master_List!$AW$26 -> 0 | AO10: =Master_List!$AW$27 -> LVDB TX2 | AP10: =Master_List!$AW$28 -> SUNPOWER TECHNOLOGIES | AQ10: =Master_List!$AW$29 -> SPS 30-10 L | AR10: =Master_List!$AW$30 -> 11193-8527 | AS10: =Master_List!$AW$31 -> 0 | AT10: =Master_List!$AW$32 -> 0 | AU10: =Master_List!$AW$33 -> 0 | AV10: =Master_List!$AW$34 -> 0 | AW10: =Master_List!$AW$35 -> 0 | AX10: =Master_List!$AW$36 -> 0 | AY10: =Master_List!$AW$37 -> 0 | AZ10: =Master_List!$AW$38 -> 0 | BA10: =Master_List!$AW$39 -> 0 | BB10: 0dB | BC10: Normal | BD10: {} | BE10: page5 | BF10: Visual Image Path | BG10: =BG9 -> C:\Users\aremi\Desktop\REPORT CBM\PO 42289580 - Pahang 11kV SECOND CYCLE AZZAD 2026\RAW MATERIAL\047. TNB BARU (IR+VI)\RAW DATA\IR | BH10: 9.jpg
A11: 5 | B11: Overview | C11: 1 | D11: 01. vcb-overview.docx | E11: 5 | F11: =Master_List!$AW$1 -> PERPUSTAKAAN PUSAT | G11: =Master_List!$AW$2 -> 09:30 PM | H11: =Master_List!$AW$3 -> 20/07/2026 | I11: =Master_List!$AW$4 -> 28.5 | J11: =Master_List!$AW$5 -> 65 | K11: OVERVIEW TOP (LHS) | L11: =IFERROR(VLOOKUP(B11, Master_List!$A:$I, 2, FALSE), "-") -> - | M11: =IFERROR(VLOOKUP(B11, Master_List!$A:$I, 3, FALSE), "-") -> - | N11: =IFERROR(VLOOKUP(B11, Master_List!$A:$I, 4, FALSE), "-") -> - | O11: =IFERROR(VLOOKUP(B11, Master_List!$A:$I, 5, FALSE), "-") -> - | P11: =IFERROR(VLOOKUP(B11, Master_List!$A:$I, 6, FALSE), "-") -> - | Q11: =IFERROR(VLOOKUP(B11, Master_List!$A:$I, 7, FALSE), "-") -> - | R11: =IFERROR(VLOOKUP(B11, Master_List!$A:$I, 8, FALSE), "-") -> - | S11: =IFERROR(VLOOKUP(B11, Master_List!$A:$I, 9, FALSE), "-") -> - | T11: =Master_List!$AW$6 -> TOSHIBA | U11: =Master_List!$AW$7 -> MRMU | V11: =Master_List!$AW$8 -> 12kV | W11: =Master_List!$AW$9 -> 2S1F | X11: =Master_List!$AW$10 -> MTM | Y11: =Master_List!$AW$11 -> HERMETICALLY SEAL | Z11: =Master_List!$AW$12 -> 750kVA | AA11: =Master_List!$AW$13 -> 1317 | AB11: =Master_List!$AW$14 -> 0 | AC11: =Master_List!$AW$15 -> 0 | AD11: =Master_List!$AW$16 -> 0 | AE11: =Master_List!$AW$17 -> 0 | AF11: =Master_List!$AW$18 -> INDKOM | AG11: =Master_List!$AW$19 -> J-SLOTTED | AH11: =Master_List!$AW$20 -> 1600A | AI11: =Master_List!$AW$21 -> LV5080090 | AJ11: =Master_List!$AW$22 -> LVDB TX1 | AK11: =Master_List!$AW$23 -> 0 | AL11: =Master_List!$AW$24 -> 0 | AM11: =Master_List!$AW$25 -> 0 | AN11: =Master_List!$AW$26 -> 0 | AO11: =Master_List!$AW$27 -> LVDB TX2 | AP11: =Master_List!$AW$28 -> SUNPOWER TECHNOLOGIES | AQ11: =Master_List!$AW$29 -> SPS 30-10 L | AR11: =Master_List!$AW$30 -> 11193-8527 | AS11: =Master_List!$AW$31 -> 0 | AT11: =Master_List!$AW$32 -> 0 | AU11: =Master_List!$AW$33 -> 0 | AV11: =Master_List!$AW$34 -> 0 | AW11: =Master_List!$AW$35 -> 0 | AX11: =Master_List!$AW$36 -> 0 | AY11: =Master_List!$AW$37 -> 0 | AZ11: =Master_List!$AW$38 -> 0 | BA11: =Master_List!$AW$39 -> 0 | BB11: 0dB | BC11: Normal | BD11: {} | BE11: page5 | BF11: IR Image Path | BG11: =BG10 -> C:\Users\aremi\Desktop\REPORT CBM\PO 42289580 - Pahang 11kV SECOND CYCLE AZZAD 2026\RAW MATERIAL\047. TNB BARU (IR+VI)\RAW DATA\IR | BH11: 10.jpg
A12: 6 | B12: Overview | C12: 1 | D12: 01. vcb-overview.docx | E12: 6 | F12: =Master_List!$AW$1 -> PERPUSTAKAAN PUSAT | G12: =Master_List!$AW$2 -> 09:30 PM | H12: =Master_List!$AW$3 -> 20/07/2026 | I12: =Master_List!$AW$4 -> 28.5 | J12: =Master_List!$AW$5 -> 65 | K12: OVERVIEW TOP (RHS) | L12: =IFERROR(VLOOKUP(B12, Master_List!$A:$I, 2, FALSE), "-") -> - | M12: =IFERROR(VLOOKUP(B12, Master_List!$A:$I, 3, FALSE), "-") -> - | N12: =IFERROR(VLOOKUP(B12, Master_List!$A:$I, 4, FALSE), "-") -> - | O12: =IFERROR(VLOOKUP(B12, Master_List!$A:$I, 5, FALSE), "-") -> - | P12: =IFERROR(VLOOKUP(B12, Master_List!$A:$I, 6, FALSE), "-") -> - | Q12: =IFERROR(VLOOKUP(B12, Master_List!$A:$I, 7, FALSE), "-") -> - | R12: =IFERROR(VLOOKUP(B12, Master_List!$A:$I, 8, FALSE), "-") -> - | S12: =IFERROR(VLOOKUP(B12, Master_List!$A:$I, 9, FALSE), "-") -> - | T12: =Master_List!$AW$6 -> TOSHIBA | U12: =Master_List!$AW$7 -> MRMU | V12: =Master_List!$AW$8 -> 12kV | W12: =Master_List!$AW$9 -> 2S1F | X12: =Master_List!$AW$10 -> MTM | Y12: =Master_List!$AW$11 -> HERMETICALLY SEAL | Z12: =Master_List!$AW$12 -> 750kVA | AA12: =Master_List!$AW$13 -> 1317 | AB12: =Master_List!$AW$14 -> 0 | AC12: =Master_List!$AW$15 -> 0 | AD12: =Master_List!$AW$16 -> 0 | AE12: =Master_List!$AW$17 -> 0 | AF12: =Master_List!$AW$18 -> INDKOM | AG12: =Master_List!$AW$19 -> J-SLOTTED | AH12: =Master_List!$AW$20 -> 1600A | AI12: =Master_List!$AW$21 -> LV5080090 | AJ12: =Master_List!$AW$22 -> LVDB TX1 | AK12: =Master_List!$AW$23 -> 0 | AL12: =Master_List!$AW$24 -> 0 | AM12: =Master_List!$AW$25 -> 0 | AN12: =Master_List!$AW$26 -> 0 | AO12: =Master_List!$AW$27 -> LVDB TX2 | AP12: =Master_List!$AW$28 -> SUNPOWER TECHNOLOGIES | AQ12: =Master_List!$AW$29 -> SPS 30-10 L | AR12: =Master_List!$AW$30 -> 11193-8527 | AS12: =Master_List!$AW$31 -> 0 | AT12: =Master_List!$AW$32 -> 0 | AU12: =Master_List!$AW$33 -> 0 | AV12: =Master_List!$AW$34 -> 0 | AW12: =Master_List!$AW$35 -> 0 | AX12: =Master_List!$AW$36 -> 0 | AY12: =Master_List!$AW$37 -> 0 | AZ12: =Master_List!$AW$38 -> 0 | BA12: =Master_List!$AW$39 -> 0 | BB12: 0dB | BC12: Normal | BD12: {} | BE12: page6 | BF12: Visual Image Path | BG12: =BG11 -> C:\Users\aremi\Desktop\REPORT CBM\PO 42289580 - Pahang 11kV SECOND CYCLE AZZAD 2026\RAW MATERIAL\047. TNB BARU (IR+VI)\RAW DATA\IR | BH12: 11.jpg
A13: 6 | B13: Overview | C13: 1 | D13: 01. vcb-overview.docx | E13: 6 | F13: =Master_List!$AW$1 -> PERPUSTAKAAN PUSAT | G13: =Master_List!$AW$2 -> 09:30 PM | H13: =Master_List!$AW$3 -> 20/07/2026 | I13: =Master_List!$AW$4 -> 28.5 | J13: =Master_List!$AW$5 -> 65 | K13: OVERVIEW TOP (RHS) | L13: =IFERROR(VLOOKUP(B13, Master_List!$A:$I, 2, FALSE), "-") -> - | M13: =IFERROR(VLOOKUP(B13, Master_List!$A:$I, 3, FALSE), "-") -> - | N13: =IFERROR(VLOOKUP(B13, Master_List!$A:$I, 4, FALSE), "-") -> - | O13: =IFERROR(VLOOKUP(B13, Master_List!$A:$I, 5, FALSE), "-") -> - | P13: =IFERROR(VLOOKUP(B13, Master_List!$A:$I, 6, FALSE), "-") -> - | Q13: =IFERROR(VLOOKUP(B13, Master_List!$A:$I, 7, FALSE), "-") -> - | R13: =IFERROR(VLOOKUP(B13, Master_List!$A:$I, 8, FALSE), "-") -> - | S13: =IFERROR(VLOOKUP(B13, Master_List!$A:$I, 9, FALSE), "-") -> - | T13: =Master_List!$AW$6 -> TOSHIBA | U13: =Master_List!$AW$7 -> MRMU | V13: =Master_List!$AW$8 -> 12kV | W13: =Master_List!$AW$9 -> 2S1F | X13: =Master_List!$AW$10 -> MTM | Y13: =Master_List!$AW$11 -> HERMETICALLY SEAL | Z13: =Master_List!$AW$12 -> 750kVA | AA13: =Master_List!$AW$13 -> 1317 | AB13: =Master_List!$AW$14 -> 0 | AC13: =Master_List!$AW$15 -> 0 | AD13: =Master_List!$AW$16 -> 0 | AE13: =Master_List!$AW$17 -> 0 | AF13: =Master_List!$AW$18 -> INDKOM | AG13: =Master_List!$AW$19 -> J-SLOTTED | AH13: =Master_List!$AW$20 -> 1600A | AI13: =Master_List!$AW$21 -> LV5080090 | AJ13: =Master_List!$AW$22 -> LVDB TX1 | AK13: =Master_List!$AW$23 -> 0 | AL13: =Master_List!$AW$24 -> 0 | AM13: =Master_List!$AW$25 -> 0 | AN13: =Master_List!$AW$26 -> 0 | AO13: =Master_List!$AW$27 -> LVDB TX2 | AP13: =Master_List!$AW$28 -> SUNPOWER TECHNOLOGIES | AQ13: =Master_List!$AW$29 -> SPS 30-10 L | AR13: =Master_List!$AW$30 -> 11193-8527 | AS13: =Master_List!$AW$31 -> 0 | AT13: =Master_List!$AW$32 -> 0 | AU13: =Master_List!$AW$33 -> 0 | AV13: =Master_List!$AW$34 -> 0 | AW13: =Master_List!$AW$35 -> 0 | AX13: =Master_List!$AW$36 -> 0 | AY13: =Master_List!$AW$37 -> 0 | AZ13: =Master_List!$AW$38 -> 0 | BA13: =Master_List!$AW$39 -> 0 | BB13: 0dB | BC13: Normal | BD13: {} | BE13: page6 | BF13: IR Image Path | BG13: =BG12 -> C:\Users\aremi\Desktop\REPORT CBM\PO 42289580 - Pahang 11kV SECOND CYCLE AZZAD 2026\RAW MATERIAL\047. TNB BARU (IR+VI)\RAW DATA\IR | BH13: 12.jpg
A14: 7 | B14: Overview | C14: 1 | D14: 01. vcb-overview.docx | E14: 7 | F14: =Master_List!$AW$1 -> PERPUSTAKAAN PUSAT | G14: =Master_List!$AW$2 -> 09:30 PM | H14: =Master_List!$AW$3 -> 20/07/2026 | I14: =Master_List!$AW$4 -> 28.5 | J14: =Master_List!$AW$5 -> 65 | K14: OVERVIEW BUSBAR (LHS) | L14: =IFERROR(VLOOKUP(B14, Master_List!$A:$I, 2, FALSE), "-") -> - | M14: =IFERROR(VLOOKUP(B14, Master_List!$A:$I, 3, FALSE), "-") -> - | N14: =IFERROR(VLOOKUP(B14, Master_List!$A:$I, 4, FALSE), "-") -> - | O14: =IFERROR(VLOOKUP(B14, Master_List!$A:$I, 5, FALSE), "-") -> - | P14: =IFERROR(VLOOKUP(B14, Master_List!$A:$I, 6, FALSE), "-") -> - | Q14: =IFERROR(VLOOKUP(B14, Master_List!$A:$I, 7, FALSE), "-") -> - | R14: =IFERROR(VLOOKUP(B14, Master_List!$A:$I, 8, FALSE), "-") -> - | S14: =IFERROR(VLOOKUP(B14, Master_List!$A:$I, 9, FALSE), "-") -> - | T14: =Master_List!$AW$6 -> TOSHIBA | U14: =Master_List!$AW$7 -> MRMU | V14: =Master_List!$AW$8 -> 12kV | W14: =Master_List!$AW$9 -> 2S1F | X14: =Master_List!$AW$10 -> MTM | Y14: =Master_List!$AW$11 -> HERMETICALLY SEAL | Z14: =Master_List!$AW$12 -> 750kVA | AA14: =Master_List!$AW$13 -> 1317 | AB14: =Master_List!$AW$14 -> 0 | AC14: =Master_List!$AW$15 -> 0 | AD14: =Master_List!$AW$16 -> 0 | AE14: =Master_List!$AW$17 -> 0 | AF14: =Master_List!$AW$18 -> INDKOM | AG14: =Master_List!$AW$19 -> J-SLOTTED | AH14: =Master_List!$AW$20 -> 1600A | AI14: =Master_List!$AW$21 -> LV5080090 | AJ14: =Master_List!$AW$22 -> LVDB TX1 | AK14: =Master_List!$AW$23 -> 0 | AL14: =Master_List!$AW$24 -> 0 | AM14: =Master_List!$AW$25 -> 0 | AN14: =Master_List!$AW$26 -> 0 | AO14: =Master_List!$AW$27 -> LVDB TX2 | AP14: =Master_List!$AW$28 -> SUNPOWER TECHNOLOGIES | AQ14: =Master_List!$AW$29 -> SPS 30-10 L | AR14: =Master_List!$AW$30 -> 11193-8527 | AS14: =Master_List!$AW$31 -> 0 | AT14: =Master_List!$AW$32 -> 0 | AU14: =Master_List!$AW$33 -> 0 | AV14: =Master_List!$AW$34 -> 0 | AW14: =Master_List!$AW$35 -> 0 | AX14: =Master_List!$AW$36 -> 0 | AY14: =Master_List!$AW$37 -> 0 | AZ14: =Master_List!$AW$38 -> 0 | BA14: =Master_List!$AW$39 -> 0 | BB14: 0dB | BC14: Normal | BD14: {} | BE14: page7 | BF14: Visual Image Path | BG14: =BG13 -> C:\Users\aremi\Desktop\REPORT CBM\PO 42289580 - Pahang 11kV SECOND CYCLE AZZAD 2026\RAW MATERIAL\047. TNB BARU (IR+VI)\RAW DATA\IR | BH14: 13.jpg
... A265: 132 | B265: Panel15 | C265: 1 | D265: 02. vcb-secondarycomp.docx | E265: 132 | F265: =Master_List!$AW$1 -> PERPUSTAKAAN PUSAT | G265: =Master_List!$AW$2 -> 09:30 PM | H265: =Master_List!$AW$3 -> 20/07/2026 | I265: =Master_List!$AW$4 -> 28.5 | J265: =Master_List!$AW$5 -> 65 | K265: SECONDARY COMPARTMENT | L265: =IFERROR(VLOOKUP(B265, Master_List!$A:$I, 2, FALSE), "-") | M265: =IFERROR(VLOOKUP(B265, Master_List!$A:$I, 3, FALSE), "-") | N265: =IFERROR(VLOOKUP(B265, Master_List!$A:$I, 4, FALSE), "-") | O265: =IFERROR(VLOOKUP(B265, Master_List!$A:$I, 5, FALSE), "-") | P265: =IFERROR(VLOOKUP(B265, Master_List!$A:$I, 6, FALSE), "-") | Q265: =IFERROR(VLOOKUP(B265, Master_List!$A:$I, 7, FALSE), "-") | R265: =IFERROR(VLOOKUP(B265, Master_List!$A:$I, 8, FALSE), "-") | S265: =IFERROR(VLOOKUP(B265, Master_List!$A:$I, 9, FALSE), "-") | T265: =Master_List!$AW$6 -> TOSHIBA | U265: =Master_List!$AW$7 -> MRMU | V265: =Master_List!$AW$8 -> 12kV | W265: =Master_List!$AW$9 -> 2S1F | X265: =Master_List!$AW$10 -> MTM | Y265: =Master_List!$AW$11 -> HERMETICALLY SEAL | Z265: =Master_List!$AW$12 -> 750kVA | AA265: =Master_List!$AW$13 -> 1317 | AB265: =Master_List!$AW$14 -> 0 | AC265: =Master_List!$AW$15 -> 0 | AD265: =Master_List!$AW$16 -> 0 | AE265: =Master_List!$AW$17 -> 0 | AF265: =Master_List!$AW$18 -> INDKOM | AG265: =Master_List!$AW$19 -> J-SLOTTED | AH265: =Master_List!$AW$20 -> 1600A | AI265: =Master_List!$AW$21 -> LV5080090 | AJ265: =Master_List!$AW$22 -> LVDB TX1 | AK265: =Master_List!$AW$23 -> 0 | AL265: =Master_List!$AW$24 -> 0 | AM265: =Master_List!$AW$25 -> 0 | AN265: =Master_List!$AW$26 -> 0 | AO265: =Master_List!$AW$27 -> LVDB TX2 | AP265: =Master_List!$AW$28 -> SUNPOWER TECHNOLOGIES | AQ265: =Master_List!$AW$29 -> SPS 30-10 L | AR265: =Master_List!$AW$30 -> 11193-8527 | AS265: =Master_List!$AW$31 -> 0 | AT265: =Master_List!$AW$32 -> 0 | AU265: =Master_List!$AW$33 -> 0 | AV265: =Master_List!$AW$34 -> 0 | AW265: =Master_List!$AW$35 -> 0 | AX265: =Master_List!$AW$36 -> 0 | AY265: =Master_List!$AW$37 -> 0 | AZ265: =Master_List!$AW$38 -> 0 | BA265: =Master_List!$AW$39 -> 0 | BB265: 0dB | BC265: Normal | BD265: {} | BE265: page132 | BF265: IR Image Path | BG265: =BG264 -> C:\Users\aremi\Desktop\REPORT CBM\PO 42289580 - Pahang 11kV SECOND CYCLE AZZAD 2026\RAW MATERIAL\047. TNB BARU (IR+VI)\RAW DATA\IR | BH265: 264.jpg
A266: 133 | B266: TX1 | C266: 1 | D266: 03. tx1-overview.docx | E266: 133 | F266: =Master_List!$AW$1 -> PERPUSTAKAAN PUSAT | G266: =Master_List!$AW$2 -> 09:30 PM | H266: =Master_List!$AW$3 -> 20/07/2026 | I266: =Master_List!$AW$4 -> 28.5 | J266: =Master_List!$AW$5 -> 65 | K266: OVERVIEW | L266: 1 | M266: - | N266: - | O266: - | P266: - | Q266: - | R266: - | S266: - | T266: =Master_List!$AW$6 -> TOSHIBA | U266: =Master_List!$AW$7 -> MRMU | V266: =Master_List!$AW$8 -> 12kV | W266: =Master_List!$AW$9 -> 2S1F | X266: =Master_List!$AW$10 -> MTM | Y266: =Master_List!$AW$11 -> HERMETICALLY SEAL | Z266: =Master_List!$AW$12 -> 750kVA | AA266: =Master_List!$AW$13 -> 1317 | AB266: =Master_List!$AW$14 -> 0 | AC266: =Master_List!$AW$15 -> 0 | AD266: =Master_List!$AW$16 -> 0 | AE266: =Master_List!$AW$17 -> 0 | AF266: =Master_List!$AW$18 -> INDKOM | AG266: =Master_List!$AW$19 -> J-SLOTTED | AH266: =Master_List!$AW$20 -> 1600A | AI266: =Master_List!$AW$21 -> LV5080090 | AJ266: =Master_List!$AW$22 -> LVDB TX1 | AK266: =Master_List!$AW$23 -> 0 | AL266: =Master_List!$AW$24 -> 0 | AM266: =Master_List!$AW$25 -> 0 | AN266: =Master_List!$AW$26 -> 0 | AO266: =Master_List!$AW$27 -> LVDB TX2 | AP266: =Master_List!$AW$28 -> SUNPOWER TECHNOLOGIES | AQ266: =Master_List!$AW$29 -> SPS 30-10 L | AR266: =Master_List!$AW$30 -> 11193-8527 | AS266: =Master_List!$AW$31 -> 0 | AT266: =Master_List!$AW$32 -> 0 | AU266: =Master_List!$AW$33 -> 0 | AV266: =Master_List!$AW$34 -> 0 | AW266: =Master_List!$AW$35 -> 0 | AX266: =Master_List!$AW$36 -> 0 | AY266: =Master_List!$AW$37 -> 0 | AZ266: =Master_List!$AW$38 -> 0 | BA266: =Master_List!$AW$39 -> 0 | BB266: 0dB | BC266: Normal | BD266: {} | BE266: page133 | BF266: Visual Image Path | BG266: =BG265 -> C:\Users\aremi\Desktop\REPORT CBM\PO 42289580 - Pahang 11kV SECOND CYCLE AZZAD 2026\RAW MATERIAL\047. TNB BARU (IR+VI)\RAW DATA\IR | BH266: 265.jpg
A267: 133 | B267: TX1 | C267: 1 | D267: 03. tx1-overview.docx | E267: 133 | F267: =Master_List!$AW$1 -> PERPUSTAKAAN PUSAT | G267: =Master_List!$AW$2 -> 09:30 PM | H267: =Master_List!$AW$3 -> 20/07/2026 | I267: =Master_List!$AW$4 -> 28.5 | J267: =Master_List!$AW$5 -> 65 | K267: OVERVIEW | L267: 1 | M267: - | N267: - | O267: - | P267: - | Q267: - | R267: - | S267: - | T267: =Master_List!$AW$6 -> TOSHIBA | U267: =Master_List!$AW$7 -> MRMU | V267: =Master_List!$AW$8 -> 12kV | W267: =Master_List!$AW$9 -> 2S1F | X267: =Master_List!$AW$10 -> MTM | Y267: =Master_List!$AW$11 -> HERMETICALLY SEAL | Z267: =Master_List!$AW$12 -> 750kVA | AA267: =Master_List!$AW$13 -> 1317 | AB267: =Master_List!$AW$14 -> 0 | AC267: =Master_List!$AW$15 -> 0 | AD267: =Master_List!$AW$16 -> 0 | AE267: =Master_List!$AW$17 -> 0 | AF267: =Master_List!$AW$18 -> INDKOM | AG267: =Master_List!$AW$19 -> J-SLOTTED | AH267: =Master_List!$AW$20 -> 1600A | AI267: =Master_List!$AW$21 -> LV5080090 | AJ267: =Master_List!$AW$22 -> LVDB TX1 | AK267: =Master_List!$AW$23 -> 0 | AL267: =Master_List!$AW$24 -> 0 | AM267: =Master_List!$AW$25 -> 0 | AN267: =Master_List!$AW$26 -> 0 | AO267: =Master_List!$AW$27 -> LVDB TX2 | AP267: =Master_List!$AW$28 -> SUNPOWER TECHNOLOGIES | AQ267: =Master_List!$AW$29 -> SPS 30-10 L | AR267: =Master_List!$AW$30 -> 11193-8527 | AS267: =Master_List!$AW$31 -> 0 | AT267: =Master_List!$AW$32 -> 0 | AU267: =Master_List!$AW$33 -> 0 | AV267: =Master_List!$AW$34 -> 0 | AW267: =Master_List!$AW$35 -> 0 | AX267: =Master_List!$AW$36 -> 0 | AY267: =Master_List!$AW$37 -> 0 | AZ267: =Master_List!$AW$38 -> 0 | BA267: =Master_List!$AW$39 -> 0 | BB267: 0dB | BC267: Normal | BD267: {} | BE267: page133 | BF267: IR Image Path | BG267: =BG266 -> C:\Users\aremi\Desktop\REPORT CBM\PO 42289580 - Pahang 11kV SECOND CYCLE AZZAD 2026\RAW MATERIAL\047. TNB BARU (IR+VI)\RAW DATA\IR | BH267: 266.jpg
A268: 134 | B268: TX1 | C268: 1 | D268: 03. tx1-overview.docx | E268: 134 | F268: =Master_List!$AW$1 -> PERPUSTAKAAN PUSAT | G268: =Master_List!$AW$2 -> 09:30 PM | H268: =Master_List!$AW$3 -> 20/07/2026 | I268: =Master_List!$AW$4 -> 28.5 | J268: =Master_List!$AW$5 -> 65 | K268: OVERVIEW TOP | L268: 1 | M268: - | N268: - | O268: - | P268: - | Q268: - | R268: - | S268: - | T268: =Master_List!$AW$6 -> TOSHIBA | U268: =Master_List!$AW$7 -> MRMU | V268: =Master_List!$AW$8 -> 12kV | W268: =Master_List!$AW$9 -> 2S1F | X268: =Master_List!$AW$10 -> MTM | Y268: =Master_List!$AW$11 -> HERMETICALLY SEAL | Z268: =Master_List!$AW$12 -> 750kVA | AA268: =Master_List!$AW$13 -> 1317 | AB268: =Master_List!$AW$14 -> 0 | AC268: =Master_List!$AW$15 -> 0 | AD268: =Master_List!$AW$16 -> 0 | AE268: =Master_List!$AW$17 -> 0 | AF268: =Master_List!$AW$18 -> INDKOM | AG268: =Master_List!$AW$19 -> J-SLOTTED | AH268: =Master_List!$AW$20 -> 1600A | AI268: =Master_List!$AW$21 -> LV5080090 | AJ268: =Master_List!$AW$22 -> LVDB TX1 | AK268: =Master_List!$AW$23 -> 0 | AL268: =Master_List!$AW$24 -> 0 | AM268: =Master_List!$AW$25 -> 0 | AN268: =Master_List!$AW$26 -> 0 | AO268: =Master_List!$AW$27 -> LVDB TX2 | AP268: =Master_List!$AW$28 -> SUNPOWER TECHNOLOGIES | AQ268: =Master_List!$AW$29 -> SPS 30-10 L | AR268: =Master_List!$AW$30 -> 11193-8527 | AS268: =Master_List!$AW$31 -> 0 | AT268: =Master_List!$AW$32 -> 0 | AU268: =Master_List!$AW$33 -> 0 | AV268: =Master_List!$AW$34 -> 0 | AW268: =Master_List!$AW$35 -> 0 | AX268: =Master_List!$AW$36 -> 0 | AY268: =Master_List!$AW$37 -> 0 | AZ268: =Master_List!$AW$38 -> 0 | BA268: =Master_List!$AW$39 -> 0 | BB268: 0dB | BC268: Normal | BD268: {} | BE268: page134 | BF268: Visual Image Path | BG268: =BG267 -> C:\Users\aremi\Desktop\REPORT CBM\PO 42289580 - Pahang 11kV SECOND CYCLE AZZAD 2026\RAW MATERIAL\047. TNB BARU (IR+VI)\RAW DATA\IR | BH268: 267.jpg
A269: 134 | B269: TX1 | C269: 1 | D269: 03. tx1-overview.docx | E269: 134 | F269: =Master_List!$AW$1 -> PERPUSTAKAAN PUSAT | G269: =Master_List!$AW$2 -> 09:30 PM | H269: =Master_List!$AW$3 -> 20/07/2026 | I269: =Master_List!$AW$4 -> 28.5 | J269: =Master_List!$AW$5 -> 65 | K269: OVERVIEW TOP | L269: 1 | M269: - | N269: - | O269: - | P269: - | Q269: - | R269: - | S269: - | T269: =Master_List!$AW$6 -> TOSHIBA | U269: =Master_List!$AW$7 -> MRMU | V269: =Master_List!$AW$8 -> 12kV | W269: =Master_List!$AW$9 -> 2S1F | X269: =Master_List!$AW$10 -> MTM | Y269: =Master_List!$AW$11 -> HERMETICALLY SEAL | Z269: =Master_List!$AW$12 -> 750kVA | AA269: =Master_List!$AW$13 -> 1317 | AB269: =Master_List!$AW$14 -> 0 | AC269: =Master_List!$AW$15 -> 0 | AD269: =Master_List!$AW$16 -> 0 | AE269: =Master_List!$AW$17 -> 0 | AF269: =Master_List!$AW$18 -> INDKOM | AG269: =Master_List!$AW$19 -> J-SLOTTED | AH269: =Master_List!$AW$20 -> 1600A | AI269: =Master_List!$AW$21 -> LV5080090 | AJ269: =Master_List!$AW$22 -> LVDB TX1 | AK269: =Master_List!$AW$23 -> 0 | AL269: =Master_List!$AW$24 -> 0 | AM269: =Master_List!$AW$25 -> 0 | AN269: =Master_List!$AW$26 -> 0 | AO269: =Master_List!$AW$27 -> LVDB TX2 | AP269: =Master_List!$AW$28 -> SUNPOWER TECHNOLOGIES | AQ269: =Master_List!$AW$29 -> SPS 30-10 L | AR269: =Master_List!$AW$30 -> 11193-8527 | AS269: =Master_List!$AW$31 -> 0 | AT269: =Master_List!$AW$32 -> 0 | AU269: =Master_List!$AW$33 -> 0 | AV269: =Master_List!$AW$34 -> 0 | AW269: =Master_List!$AW$35 -> 0 | AX269: =Master_List!$AW$36 -> 0 | AY269: =Master_List!$AW$37 -> 0 | AZ269: =Master_List!$AW$38 -> 0 | BA269: =Master_List!$AW$39 -> 0 | BB269: 0dB | BC269: Normal | BD269: {} | BE269: page134 | BF269: IR Image Path | BG269: =BG268 -> C:\Users\aremi\Desktop\REPORT CBM\PO 42289580 - Pahang 11kV SECOND CYCLE AZZAD 2026\RAW MATERIAL\047. TNB BARU (IR+VI)\RAW DATA\IR | BH269: 268.jpg
A270: 135 | B270: TX1 | C270: 1 | D270: 04. tx1-hv-sides.docx | E270: 135 | F270: =Master_List!$AW$1 -> PERPUSTAKAAN PUSAT | G270: =Master_List!$AW$2 -> 09:30 PM | H270: =Master_List!$AW$3 -> 20/07/2026 | I270: =Master_List!$AW$4 -> 28.5 | J270: =Master_List!$AW$5 -> 65 | K270: BUSHING | L270: 1 | M270: HV SIDE | N270: - | O270: - | P270: - | Q270: - | R270: - | S270: - | T270: =Master_List!$AW$6 -> TOSHIBA | U270: =Master_List!$AW$7 -> MRMU | V270: =Master_List!$AW$8 -> 12kV | W270: =Master_List!$AW$9 -> 2S1F | X270: =Master_List!$AW$10 -> MTM | Y270: =Master_List!$AW$11 -> HERMETICALLY SEAL | Z270: =Master_List!$AW$12 -> 750kVA | AA270: =Master_List!$AW$13 -> 1317 | AB270: =Master_List!$AW$14 -> 0 | AC270: =Master_List!$AW$15 -> 0 | AD270: =Master_List!$AW$16 -> 0 | AE270: =Master_List!$AW$17 -> 0 | AF270: =Master_List!$AW$18 -> INDKOM | AG270: =Master_List!$AW$19 -> J-SLOTTED | AH270: =Master_List!$AW$20 -> 1600A | AI270: =Master_List!$AW$21 -> LV5080090 | AJ270: =Master_List!$AW$22 -> LVDB TX1 | AK270: =Master_List!$AW$23 -> 0 | AL270: =Master_List!$AW$24 -> 0 | AM270: =Master_List!$AW$25 -> 0 | AN270: =Master_List!$AW$26 -> 0 | AO270: =Master_List!$AW$27 -> LVDB TX2 | AP270: =Master_List!$AW$28 -> SUNPOWER TECHNOLOGIES | AQ270: =Master_List!$AW$29 -> SPS 30-10 L | AR270: =Master_List!$AW$30 -> 11193-8527 | AS270: =Master_List!$AW$31 -> 0 | AT270: =Master_List!$AW$32 -> 0 | AU270: =Master_List!$AW$33 -> 0 | AV270: =Master_List!$AW$34 -> 0 | AW270: =Master_List!$AW$35 -> 0 | AX270: =Master_List!$AW$36 -> 0 | AY270: =Master_List!$AW$37 -> 0 | AZ270: =Master_List!$AW$38 -> 0 | BA270: =Master_List!$AW$39 -> 0 | BB270: 0dB | BC270: Normal | BD270: {} | BE270: page135 | BF270: Visual Image Path | BG270: =BG269 -> C:\Users\aremi\Desktop\REPORT CBM\PO 42289580 - Pahang 11kV SECOND CYCLE AZZAD 2026\RAW MATERIAL\047. TNB BARU (IR+VI)\RAW DATA\IR | BH270: 269.jpg
A271: 135 | B271: TX1 | C271: 1 | D271: 04. tx1-hv-sides.docx | E271: 135 | F271: =Master_List!$AW$1 -> PERPUSTAKAAN PUSAT | G271: =Master_List!$AW$2 -> 09:30 PM | H271: =Master_List!$AW$3 -> 20/07/2026 | I271: =Master_List!$AW$4 -> 28.5 | J271: =Master_List!$AW$5 -> 65 | K271: BUSHING | L271: 1 | M271: HV SIDE | N271: - | O271: - | P271: - | Q271: - | R271: - | S271: - | T271: =Master_List!$AW$6 -> TOSHIBA | U271: =Master_List!$AW$7 -> MRMU | V271: =Master_List!$AW$8 -> 12kV | W271: =Master_List!$AW$9 -> 2S1F | X271: =Master_List!$AW$10 -> MTM | Y271: =Master_List!$AW$11 -> HERMETICALLY SEAL | Z271: =Master_List!$AW$12 -> 750kVA | AA271: =Master_List!$AW$13 -> 1317 | AB271: =Master_List!$AW$14 -> 0 | AC271: =Master_List!$AW$15 -> 0 | AD271: =Master_List!$AW$16 -> 0 | AE271: =Master_List!$AW$17 -> 0 | AF271: =Master_List!$AW$18 -> INDKOM | AG271: =Master_List!$AW$19 -> J-SLOTTED | AH271: =Master_List!$AW$20 -> 1600A | AI271: =Master_List!$AW$21 -> LV5080090 | AJ271: =Master_List!$AW$22 -> LVDB TX1 | AK271: =Master_List!$AW$23 -> 0 | AL271: =Master_List!$AW$24 -> 0 | AM271: =Master_List!$AW$25 -> 0 | AN271: =Master_List!$AW$26 -> 0 | AO271: =Master_List!$AW$27 -> LVDB TX2 | AP271: =Master_List!$AW$28 -> SUNPOWER TECHNOLOGIES | AQ271: =Master_List!$AW$29 -> SPS 30-10 L | AR271: =Master_List!$AW$30 -> 11193-8527 | AS271: =Master_List!$AW$31 -> 0 | AT271: =Master_List!$AW$32 -> 0 | AU271: =Master_List!$AW$33 -> 0 | AV271: =Master_List!$AW$34 -> 0 | AW271: =Master_List!$AW$35 -> 0 | AX271: =Master_List!$AW$36 -> 0 | AY271: =Master_List!$AW$37 -> 0 | AZ271: =Master_List!$AW$38 -> 0 | BA271: =Master_List!$AW$39 -> 0 | BB271: 0dB | BC271: Normal | BD271: {} | BE271: page135 | BF271: IR Image Path | BG271: =BG270 -> C:\Users\aremi\Desktop\REPORT CBM\PO 42289580 - Pahang 11kV SECOND CYCLE AZZAD 2026\RAW MATERIAL\047. TNB BARU (IR+VI)\RAW DATA\IR | BH271: 270.jpg
A272: 136 | B272: TX1 | C272: 1 | D272: 04. tx1-hv-sides.docx | E272: 136 | F272: =Master_List!$AW$1 -> PERPUSTAKAAN PUSAT | G272: =Master_List!$AW$2 -> 09:30 PM | H272: =Master_List!$AW$3 -> 20/07/2026 | I272: =Master_List!$AW$4 -> 28.5 | J272: =Master_List!$AW$5 -> 65 | K272: CABLE | L272: 1 | M272: HV SIDE | N272: - | O272: - | P272: - | Q272: - | R272: - | S272: - | T272: =Master_List!$AW$6 -> TOSHIBA | U272: =Master_List!$AW$7 -> MRMU | V272: =Master_List!$AW$8 -> 12kV | W272: =Master_List!$AW$9 -> 2S1F | X272: =Master_List!$AW$10 -> MTM | Y272: =Master_List!$AW$11 -> HERMETICALLY SEAL | Z272: =Master_List!$AW$12 -> 750kVA | AA272: =Master_List!$AW$13 -> 1317 | AB272: =Master_List!$AW$14 -> 0 | AC272: =Master_List!$AW$15 -> 0 | AD272: =Master_List!$AW$16 -> 0 | AE272: =Master_List!$AW$17 -> 0 | AF272: =Master_List!$AW$18 -> INDKOM | AG272: =Master_List!$AW$19 -> J-SLOTTED | AH272: =Master_List!$AW$20 -> 1600A | AI272: =Master_List!$AW$21 -> LV5080090 | AJ272: =Master_List!$AW$22 -> LVDB TX1 | AK272: =Master_List!$AW$23 -> 0 | AL272: =Master_List!$AW$24 -> 0 | AM272: =Master_List!$AW$25 -> 0 | AN272: =Master_List!$AW$26 -> 0 | AO272: =Master_List!$AW$27 -> LVDB TX2 | AP272: =Master_List!$AW$28 -> SUNPOWER TECHNOLOGIES | AQ272: =Master_List!$AW$29 -> SPS 30-10 L | AR272: =Master_List!$AW$30 -> 11193-8527 | AS272: =Master_List!$AW$31 -> 0 | AT272: =Master_List!$AW$32 -> 0 | AU272: =Master_List!$AW$33 -> 0 | AV272: =Master_List!$AW$34 -> 0 | AW272: =Master_List!$AW$35 -> 0 | AX272: =Master_List!$AW$36 -> 0 | AY272: =Master_List!$AW$37 -> 0 | AZ272: =Master_List!$AW$38 -> 0 | BA272: =Master_List!$AW$39 -> 0 | BB272: 0dB | BC272: Normal | BD272: {} | BE272: page136 | BF272: Visual Image Path | BG272: =BG271 -> C:\Users\aremi\Desktop\REPORT CBM\PO 42289580 - Pahang 11kV SECOND CYCLE AZZAD 2026\RAW MATERIAL\047. TNB BARU (IR+VI)\RAW DATA\IR | BH272: 271.jpg
A273: 136 | B273: TX1 | C273: 1 | D273: 04. tx1-hv-sides.docx | E273: 136 | F273: =Master_List!$AW$1 -> PERPUSTAKAAN PUSAT | G273: =Master_List!$AW$2 -> 09:30 PM | H273: =Master_List!$AW$3 -> 20/07/2026 | I273: =Master_List!$AW$4 -> 28.5 | J273: =Master_List!$AW$5 -> 65 | K273: CABLE | L273: 1 | M273: HV SIDE | N273: - | O273: - | P273: - | Q273: - | R273: - | S273: - | T273: =Master_List!$AW$6 -> TOSHIBA | U273: =Master_List!$AW$7 -> MRMU | V273: =Master_List!$AW$8 -> 12kV | W273: =Master_List!$AW$9 -> 2S1F | X273: =Master_List!$AW$10 -> MTM | Y273: =Master_List!$AW$11 -> HERMETICALLY SEAL | Z273: =Master_List!$AW$12 -> 750kVA | AA273: =Master_List!$AW$13 -> 1317 | AB273: =Master_List!$AW$14 -> 0 | AC273: =Master_List!$AW$15 -> 0 | AD273: =Master_List!$AW$16 -> 0 | AE273: =Master_List!$AW$17 -> 0 | AF273: =Master_List!$AW$18 -> INDKOM | AG273: =Master_List!$AW$19 -> J-SLOTTED | AH273: =Master_List!$AW$20 -> 1600A | AI273: =Master_List!$AW$21 -> LV5080090 | AJ273: =Master_List!$AW$22 -> LVDB TX1 | AK273: =Master_List!$AW$23 -> 0 | AL273: =Master_List!$AW$24 -> 0 | AM273: =Master_List!$AW$25 -> 0 | AN273: =Master_List!$AW$26 -> 0 | AO273: =Master_List!$AW$27 -> LVDB TX2 | AP273: =Master_List!$AW$28 -> SUNPOWER TECHNOLOGIES | AQ273: =Master_List!$AW$29 -> SPS 30-10 L | AR273: =Master_List!$AW$30 -> 11193-8527 | AS273: =Master_List!$AW$31 -> 0 | AT273: =Master_List!$AW$32 -> 0 | AU273: =Master_List!$AW$33 -> 0 | AV273: =Master_List!$AW$34 -> 0 | AW273: =Master_List!$AW$35 -> 0 | AX273: =Master_List!$AW$36 -> 0 | AY273: =Master_List!$AW$37 -> 0 | AZ273: =Master_List!$AW$38 -> 0 | BA273: =Master_List!$AW$39 -> 0 | BB273: 0dB | BC273: Normal | BD273: {} | BE273: page136 | BF273: IR Image Path | BG273: =BG272 -> C:\Users\aremi\Desktop\REPORT CBM\PO 42289580 - Pahang 11kV SECOND CYCLE AZZAD 2026\RAW MATERIAL\047. TNB BARU (IR+VI)\RAW DATA\IR | BH273: 272.jpg
A274: 137 | B274: TX1 | C274: 1 | D274: 04. tx1-hv-sides.docx | E274: 137 | F274: =Master_List!$AW$1 -> PERPUSTAKAAN PUSAT | G274: =Master_List!$AW$2 -> 09:30 PM | H274: =Master_List!$AW$3 -> 20/07/2026 | I274: =Master_List!$AW$4 -> 28.5 | J274: =Master_List!$AW$5 -> 65 | K274: CABLE SPLIT | L274: 1 | M274: HV SIDE | N274: - | O274: - | P274: - | Q274: - | R274: - | S274: - | T274: =Master_List!$AW$6 -> TOSHIBA | U274: =Master_List!$AW$7 -> MRMU | V274: =Master_List!$AW$8 -> 12kV | W274: =Master_List!$AW$9 -> 2S1F | X274: =Master_List!$AW$10 -> MTM | Y274: =Master_List!$AW$11 -> HERMETICALLY SEAL | Z274: =Master_List!$AW$12 -> 750kVA | AA274: =Master_List!$AW$13 -> 1317 | AB274: =Master_List!$AW$14 -> 0 | AC274: =Master_List!$AW$15 -> 0 | AD274: =Master_List!$AW$16 -> 0 | AE274: =Master_List!$AW$17 -> 0 | AF274: =Master_List!$AW$18 -> INDKOM | AG274: =Master_List!$AW$19 -> J-SLOTTED | AH274: =Master_List!$AW$20 -> 1600A | AI274: =Master_List!$AW$21 -> LV5080090 | AJ274: =Master_List!$AW$22 -> LVDB TX1 | AK274: =Master_List!$AW$23 -> 0 | AL274: =Master_List!$AW$24 -> 0 | AM274: =Master_List!$AW$25 -> 0 | AN274: =Master_List!$AW$26 -> 0 | AO274: =Master_List!$AW$27 -> LVDB TX2 | AP274: =Master_List!$AW$28 -> SUNPOWER TECHNOLOGIES | AQ274: =Master_List!$AW$29 -> SPS 30-10 L | AR274: =Master_List!$AW$30 -> 11193-8527 | AS274: =Master_List!$AW$31 -> 0 | AT274: =Master_List!$AW$32 -> 0 | AU274: =Master_List!$AW$33 -> 0 | AV274: =Master_List!$AW$34 -> 0 | AW274: =Master_List!$AW$35 -> 0 | AX274: =Master_List!$AW$36 -> 0 | AY274: =Master_List!$AW$37 -> 0 | AZ274: =Master_List!$AW$38 -> 0 | BA274: =Master_List!$AW$39 -> 0 | BB274: 0dB | BC274: Normal | BD274: {} | BE274: page137 | BF274: Visual Image Path | BG274: =BG273 -> C:\Users\aremi\Desktop\REPORT CBM\PO 42289580 - Pahang 11kV SECOND CYCLE AZZAD 2026\RAW MATERIAL\047. TNB BARU (IR+VI)\RAW DATA\IR | BH274: 273.jpg
A275: 137 | B275: TX1 | C275: 1 | D275: 04. tx1-hv-sides.docx | E275: 137 | F275: =Master_List!$AW$1 -> PERPUSTAKAAN PUSAT | G275: =Master_List!$AW$2 -> 09:30 PM | H275: =Master_List!$AW$3 -> 20/07/2026 | I275: =Master_List!$AW$4 -> 28.5 | J275: =Master_List!$AW$5 -> 65 | K275: CABLE SPLIT | L275: 1 | M275: HV SIDE | N275: - | O275: - | P275: - | Q275: - | R275: - | S275: - | T275: =Master_List!$AW$6 -> TOSHIBA | U275: =Master_List!$AW$7 -> MRMU | V275: =Master_List!$AW$8 -> 12kV | W275: =Master_List!$AW$9 -> 2S1F | X275: =Master_List!$AW$10 -> MTM | Y275: =Master_List!$AW$11 -> HERMETICALLY SEAL | Z275: =Master_List!$AW$12 -> 750kVA | AA275: =Master_List!$AW$13 -> 1317 | AB275: =Master_List!$AW$14 -> 0 | AC275: =Master_List!$AW$15 -> 0 | AD275: =Master_List!$AW$16 -> 0 | AE275: =Master_List!$AW$17 -> 0 | AF275: =Master_List!$AW$18 -> INDKOM | AG275: =Master_List!$AW$19 -> J-SLOTTED | AH275: =Master_List!$AW$20 -> 1600A | AI275: =Master_List!$AW$21 -> LV5080090 | AJ275: =Master_List!$AW$22 -> LVDB TX1 | AK275: =Master_List!$AW$23 -> 0 | AL275: =Master_List!$AW$24 -> 0 | AM275: =Master_List!$AW$25 -> 0 | AN275: =Master_List!$AW$26 -> 0 | AO275: =Master_List!$AW$27 -> LVDB TX2 | AP275: =Master_List!$AW$28 -> SUNPOWER TECHNOLOGIES | AQ275: =Master_List!$AW$29 -> SPS 30-10 L | AR275: =Master_List!$AW$30 -> 11193-8527 | AS275: =Master_List!$AW$31 -> 0 | AT275: =Master_List!$AW$32 -> 0 | AU275: =Master_List!$AW$33 -> 0 | AV275: =Master_List!$AW$34 -> 0 | AW275: =Master_List!$AW$35 -> 0 | AX275: =Master_List!$AW$36 -> 0 | AY275: =Master_List!$AW$37 -> 0 | AZ275: =Master_List!$AW$38 -> 0 | BA275: =Master_List!$AW$39 -> 0 | BB275: 0dB | BC275: Normal | BD275: {} | BE275: page137 | BF275: IR Image Path | BG275: =BG274 -> C:\Users\aremi\Desktop\REPORT CBM\PO 42289580 - Pahang 11kV SECOND CYCLE AZZAD 2026\RAW MATERIAL\047. TNB BARU (IR+VI)\RAW DATA\IR | BH275: 274.jpg
A276: 138 | B276: TX1 | C276: 1 | D276: 05. tx1-lv-sides.docx | E276: 138 | F276: =Master_List!$AW$1 -> PERPUSTAKAAN PUSAT | G276: =Master_List!$AW$2 -> 09:30 PM | H276: =Master_List!$AW$3 -> 20/07/2026 | I276: =Master_List!$AW$4 -> 28.5 | J276: =Master_List!$AW$5 -> 65 | K276: BUSHING | L276: 1 | M276: LV SIDE | N276: - | O276: - | P276: - | Q276: - | R276: - | S276: - | T276: =Master_List!$AW$6 -> TOSHIBA | U276: =Master_List!$AW$7 -> MRMU | V276: =Master_List!$AW$8 -> 12kV | W276: =Master_List!$AW$9 -> 2S1F | X276: =Master_List!$AW$10 -> MTM | Y276: =Master_List!$AW$11 -> HERMETICALLY SEAL | Z276: =Master_List!$AW$12 -> 750kVA | AA276: =Master_List!$AW$13 -> 1317 | AB276: =Master_List!$AW$14 -> 0 | AC276: =Master_List!$AW$15 -> 0 | AD276: =Master_List!$AW$16 -> 0 | AE276: =Master_List!$AW$17 -> 0 | AF276: =Master_List!$AW$18 -> INDKOM | AG276: =Master_List!$AW$19 -> J-SLOTTED | AH276: =Master_List!$AW$20 -> 1600A | AI276: =Master_List!$AW$21 -> LV5080090 | AJ276: =Master_List!$AW$22 -> LVDB TX1 | AK276: =Master_List!$AW$23 -> 0 | AL276: =Master_List!$AW$24 -> 0 | AM276: =Master_List!$AW$25 -> 0 | AN276: =Master_List!$AW$26 -> 0 | AO276: =Master_List!$AW$27 -> LVDB TX2 | AP276: =Master_List!$AW$28 -> SUNPOWER TECHNOLOGIES | AQ276: =Master_List!$AW$29 -> SPS 30-10 L | AR276: =Master_List!$AW$30 -> 11193-8527 | AS276: =Master_List!$AW$31 -> 0 | AT276: =Master_List!$AW$32 -> 0 | AU276: =Master_List!$AW$33 -> 0 | AV276: =Master_List!$AW$34 -> 0 | AW276: =Master_List!$AW$35 -> 0 | AX276: =Master_List!$AW$36 -> 0 | AY276: =Master_List!$AW$37 -> 0 | AZ276: =Master_List!$AW$38 -> 0 | BA276: =Master_List!$AW$39 -> 0 | BB276: 0dB | BC276: Normal | BD276: {} | BE276: page138 | BF276: Visual Image Path | BG276: =BG275 -> C:\Users\aremi\Desktop\REPORT CBM\PO 42289580 - Pahang 11kV SECOND CYCLE AZZAD 2026\RAW MATERIAL\047. TNB BARU (IR+VI)\RAW DATA\IR | BH276: 275.jpg
A277: 138 | B277: TX1 | C277: 1 | D277: 05. tx1-lv-sides.docx | E277: 138 | F277: =Master_List!$AW$1 -> PERPUSTAKAAN PUSAT | G277: =Master_List!$AW$2 -> 09:30 PM | H277: =Master_List!$AW$3 -> 20/07/2026 | I277: =Master_List!$AW$4 -> 28.5 | J277: =Master_List!$AW$5 -> 65 | K277: BUSHING | L277: 1 | M277: LV SIDE | N277: - | O277: - | P277: - | Q277: - | R277: - | S277: - | T277: =Master_List!$AW$6 -> TOSHIBA | U277: =Master_List!$AW$7 -> MRMU | V277: =Master_List!$AW$8 -> 12kV | W277: =Master_List!$AW$9 -> 2S1F | X277: =Master_List!$AW$10 -> MTM | Y277: =Master_List!$AW$11 -> HERMETICALLY SEAL | Z277: =Master_List!$AW$12 -> 750kVA | AA277: =Master_List!$AW$13 -> 1317 | AB277: =Master_List!$AW$14 -> 0 | AC277: =Master_List!$AW$15 -> 0 | AD277: =Master_List!$AW$16 -> 0 | AE277: =Master_List!$AW$17 -> 0 | AF277: =Master_List!$AW$18 -> INDKOM | AG277: =Master_List!$AW$19 -> J-SLOTTED | AH277: =Master_List!$AW$20 -> 1600A | AI277: =Master_List!$AW$21 -> LV5080090 | AJ277: =Master_List!$AW$22 -> LVDB TX1 | AK277: =Master_List!$AW$23 -> 0 | AL277: =Master_List!$AW$24 -> 0 | AM277: =Master_List!$AW$25 -> 0 | AN277: =Master_List!$AW$26 -> 0 | AO277: =Master_List!$AW$27 -> LVDB TX2 | AP277: =Master_List!$AW$28 -> SUNPOWER TECHNOLOGIES | AQ277: =Master_List!$AW$29 -> SPS 30-10 L | AR277: =Master_List!$AW$30 -> 11193-8527 | AS277: =Master_List!$AW$31 -> 0 | AT277: =Master_List!$AW$32 -> 0 | AU277: =Master_List!$AW$33 -> 0 | AV277: =Master_List!$AW$34 -> 0 | AW277: =Master_List!$AW$35 -> 0 | AX277: =Master_List!$AW$36 -> 0 | AY277: =Master_List!$AW$37 -> 0 | AZ277: =Master_List!$AW$38 -> 0 | BA277: =Master_List!$AW$39 -> 0 | BB277: 0dB | BC277: Normal | BD277: {} | BE277: page138 | BF277: IR Image Path | BG277: =BG276 -> C:\Users\aremi\Desktop\REPORT CBM\PO 42289580 - Pahang 11kV SECOND CYCLE AZZAD 2026\RAW MATERIAL\047. TNB BARU (IR+VI)\RAW DATA\IR | BH277: 276.jpg
... A297: 148 | B297: TX2 | C297: 1 | D297: 08. tx2-lv-sides.docx | E297: 148 | F297: =Master_List!$AW$1 -> PERPUSTAKAAN PUSAT | G297: =Master_List!$AW$2 -> 09:30 PM | H297: =Master_List!$AW$3 -> 20/07/2026 | I297: =Master_List!$AW$4 -> 28.5 | J297: =Master_List!$AW$5 -> 65 | K297: CABLE SPLIT | L297: 2 | M297: LV SIDE | N297: - | O297: - | P297: - | Q297: - | R297: - | S297: - | T297: =Master_List!$AW$6 -> TOSHIBA | U297: =Master_List!$AW$7 -> MRMU | V297: =Master_List!$AW$8 -> 12kV | W297: =Master_List!$AW$9 -> 2S1F | X297: =Master_List!$AW$10 -> MTM | Y297: =Master_List!$AW$11 -> HERMETICALLY SEAL | Z297: =Master_List!$AW$12 -> 750kVA | AA297: =Master_List!$AW$13 -> 1317 | AB297: =Master_List!$AW$14 -> 0 | AC297: =Master_List!$AW$15 -> 0 | AD297: =Master_List!$AW$16 -> 0 | AE297: =Master_List!$AW$17 -> 0 | AF297: =Master_List!$AW$18 -> INDKOM | AG297: =Master_List!$AW$19 -> J-SLOTTED | AH297: =Master_List!$AW$20 -> 1600A | AI297: =Master_List!$AW$21 -> LV5080090 | AJ297: =Master_List!$AW$22 -> LVDB TX1 | AK297: =Master_List!$AW$23 -> 0 | AL297: =Master_List!$AW$24 -> 0 | AM297: =Master_List!$AW$25 -> 0 | AN297: =Master_List!$AW$26 -> 0 | AO297: =Master_List!$AW$27 -> LVDB TX2 | AP297: =Master_List!$AW$28 -> SUNPOWER TECHNOLOGIES | AQ297: =Master_List!$AW$29 -> SPS 30-10 L | AR297: =Master_List!$AW$30 -> 11193-8527 | AS297: =Master_List!$AW$31 -> 0 | AT297: =Master_List!$AW$32 -> 0 | AU297: =Master_List!$AW$33 -> 0 | AV297: =Master_List!$AW$34 -> 0 | AW297: =Master_List!$AW$35 -> 0 | AX297: =Master_List!$AW$36 -> 0 | AY297: =Master_List!$AW$37 -> 0 | AZ297: =Master_List!$AW$38 -> 0 | BA297: =Master_List!$AW$39 -> 0 | BB297: 0dB | BC297: Normal | BD297: {} | BE297: page148 | BF297: IR Image Path | BG297: =BG296 -> C:\Users\aremi\Desktop\REPORT CBM\PO 42289580 - Pahang 11kV SECOND CYCLE AZZAD 2026\RAW MATERIAL\047. TNB BARU (IR+VI)\RAW DATA\IR | BH297: 296.jpg
A298: 149 | B298: FP1 | C298: 1 | D298: 09. fp1-overview.docx | E298: 149 | F298: =Master_List!$AW$1 -> PERPUSTAKAAN PUSAT | G298: =Master_List!$AW$2 -> 09:30 PM | H298: =Master_List!$AW$3 -> 20/07/2026 | I298: =Master_List!$AW$4 -> 28.5 | J298: =Master_List!$AW$5 -> 65 | K298: OVERVIEW | L298: - | M298: - | N298: - | O298: - | P298: - | Q298: - | R298: - | S298: - | T298: =Master_List!$AW$6 -> TOSHIBA | U298: =Master_List!$AW$7 -> MRMU | V298: =Master_List!$AW$8 -> 12kV | W298: =Master_List!$AW$9 -> 2S1F | X298: =Master_List!$AW$10 -> MTM | Y298: =Master_List!$AW$11 -> HERMETICALLY SEAL | Z298: =Master_List!$AW$12 -> 750kVA | AA298: =Master_List!$AW$13 -> 1317 | AB298: =Master_List!$AW$14 -> 0 | AC298: =Master_List!$AW$15 -> 0 | AD298: =Master_List!$AW$16 -> 0 | AE298: =Master_List!$AW$17 -> 0 | AF298: =Master_List!$AW$18 -> INDKOM | AG298: =Master_List!$AW$19 -> J-SLOTTED | AH298: =Master_List!$AW$20 -> 1600A | AI298: =Master_List!$AW$21 -> LV5080090 | AJ298: =Master_List!$AW$22 -> LVDB TX1 | AK298: =Master_List!$AW$23 -> 0 | AL298: =Master_List!$AW$24 -> 0 | AM298: =Master_List!$AW$25 -> 0 | AN298: =Master_List!$AW$26 -> 0 | AO298: =Master_List!$AW$27 -> LVDB TX2 | AP298: =Master_List!$AW$28 -> SUNPOWER TECHNOLOGIES | AQ298: =Master_List!$AW$29 -> SPS 30-10 L | AR298: =Master_List!$AW$30 -> 11193-8527 | AS298: =Master_List!$AW$31 -> 0 | AT298: =Master_List!$AW$32 -> 0 | AU298: =Master_List!$AW$33 -> 0 | AV298: =Master_List!$AW$34 -> 0 | AW298: =Master_List!$AW$35 -> 0 | AX298: =Master_List!$AW$36 -> 0 | AY298: =Master_List!$AW$37 -> 0 | AZ298: =Master_List!$AW$38 -> 0 | BA298: =Master_List!$AW$39 -> 0 | BB298: 0dB | BC298: Normal | BD298: {} | BE298: page149 | BF298: Visual Image Path | BG298: =BG297 -> C:\Users\aremi\Desktop\REPORT CBM\PO 42289580 - Pahang 11kV SECOND CYCLE AZZAD 2026\RAW MATERIAL\047. TNB BARU (IR+VI)\RAW DATA\IR | BH298: 297.jpg
A299: 149 | B299: FP1 | C299: 1 | D299: 09. fp1-overview.docx | E299: 149 | F299: =Master_List!$AW$1 -> PERPUSTAKAAN PUSAT | G299: =Master_List!$AW$2 -> 09:30 PM | H299: =Master_List!$AW$3 -> 20/07/2026 | I299: =Master_List!$AW$4 -> 28.5 | J299: =Master_List!$AW$5 -> 65 | K299: OVERVIEW | L299: - | M299: - | N299: - | O299: - | P299: - | Q299: - | R299: - | S299: - | T299: =Master_List!$AW$6 -> TOSHIBA | U299: =Master_List!$AW$7 -> MRMU | V299: =Master_List!$AW$8 -> 12kV | W299: =Master_List!$AW$9 -> 2S1F | X299: =Master_List!$AW$10 -> MTM | Y299: =Master_List!$AW$11 -> HERMETICALLY SEAL | Z299: =Master_List!$AW$12 -> 750kVA | AA299: =Master_List!$AW$13 -> 1317 | AB299: =Master_List!$AW$14 -> 0 | AC299: =Master_List!$AW$15 -> 0 | AD299: =Master_List!$AW$16 -> 0 | AE299: =Master_List!$AW$17 -> 0 | AF299: =Master_List!$AW$18 -> INDKOM | AG299: =Master_List!$AW$19 -> J-SLOTTED | AH299: =Master_List!$AW$20 -> 1600A | AI299: =Master_List!$AW$21 -> LV5080090 | AJ299: =Master_List!$AW$22 -> LVDB TX1 | AK299: =Master_List!$AW$23 -> 0 | AL299: =Master_List!$AW$24 -> 0 | AM299: =Master_List!$AW$25 -> 0 | AN299: =Master_List!$AW$26 -> 0 | AO299: =Master_List!$AW$27 -> LVDB TX2 | AP299: =Master_List!$AW$28 -> SUNPOWER TECHNOLOGIES | AQ299: =Master_List!$AW$29 -> SPS 30-10 L | AR299: =Master_List!$AW$30 -> 11193-8527 | AS299: =Master_List!$AW$31 -> 0 | AT299: =Master_List!$AW$32 -> 0 | AU299: =Master_List!$AW$33 -> 0 | AV299: =Master_List!$AW$34 -> 0 | AW299: =Master_List!$AW$35 -> 0 | AX299: =Master_List!$AW$36 -> 0 | AY299: =Master_List!$AW$37 -> 0 | AZ299: =Master_List!$AW$38 -> 0 | BA299: =Master_List!$AW$39 -> 0 | BB299: 0dB | BC299: Normal | BD299: {} | BE299: page149 | BF299: IR Image Path | BG299: =BG298 -> C:\Users\aremi\Desktop\REPORT CBM\PO 42289580 - Pahang 11kV SECOND CYCLE AZZAD 2026\RAW MATERIAL\047. TNB BARU (IR+VI)\RAW DATA\IR | BH299: 298.jpg
A300: 150 | B300: FP2 | C300: 1 | D300: 10. fp2-overview.docx | E300: 150 | F300: =Master_List!$AW$1 -> PERPUSTAKAAN PUSAT | G300: =Master_List!$AW$2 -> 09:30 PM | H300: =Master_List!$AW$3 -> 20/07/2026 | I300: =Master_List!$AW$4 -> 28.5 | J300: =Master_List!$AW$5 -> 65 | K300: OVERVIEW | L300: - | M300: - | N300: - | O300: - | P300: - | Q300: - | R300: - | S300: - | T300: =Master_List!$AW$6 -> TOSHIBA | U300: =Master_List!$AW$7 -> MRMU | V300: =Master_List!$AW$8 -> 12kV | W300: =Master_List!$AW$9 -> 2S1F | X300: =Master_List!$AW$10 -> MTM | Y300: =Master_List!$AW$11 -> HERMETICALLY SEAL | Z300: =Master_List!$AW$12 -> 750kVA | AA300: =Master_List!$AW$13 -> 1317 | AB300: =Master_List!$AW$14 -> 0 | AC300: =Master_List!$AW$15 -> 0 | AD300: =Master_List!$AW$16 -> 0 | AE300: =Master_List!$AW$17 -> 0 | AF300: =Master_List!$AW$18 -> INDKOM | AG300: =Master_List!$AW$19 -> J-SLOTTED | AH300: =Master_List!$AW$20 -> 1600A | AI300: =Master_List!$AW$21 -> LV5080090 | AJ300: =Master_List!$AW$22 -> LVDB TX1 | AK300: =Master_List!$AW$23 -> 0 | AL300: =Master_List!$AW$24 -> 0 | AM300: =Master_List!$AW$25 -> 0 | AN300: =Master_List!$AW$26 -> 0 | AO300: =Master_List!$AW$27 -> LVDB TX2 | AP300: =Master_List!$AW$28 -> SUNPOWER TECHNOLOGIES | AQ300: =Master_List!$AW$29 -> SPS 30-10 L | AR300: =Master_List!$AW$30 -> 11193-8527 | AS300: =Master_List!$AW$31 -> 0 | AT300: =Master_List!$AW$32 -> 0 | AU300: =Master_List!$AW$33 -> 0 | AV300: =Master_List!$AW$34 -> 0 | AW300: =Master_List!$AW$35 -> 0 | AX300: =Master_List!$AW$36 -> 0 | AY300: =Master_List!$AW$37 -> 0 | AZ300: =Master_List!$AW$38 -> 0 | BA300: =Master_List!$AW$39 -> 0 | BB300: 0dB | BC300: Normal | BD300: {} | BE300: page150 | BF300: Visual Image Path | BG300: =BG299 -> C:\Users\aremi\Desktop\REPORT CBM\PO 42289580 - Pahang 11kV SECOND CYCLE AZZAD 2026\RAW MATERIAL\047. TNB BARU (IR+VI)\RAW DATA\IR | BH300: 299.jpg
A301: 150 | B301: FP2 | C301: 1 | D301: 10. fp2-overview.docx | E301: 150 | F301: =Master_List!$AW$1 -> PERPUSTAKAAN PUSAT | G301: =Master_List!$AW$2 -> 09:30 PM | H301: =Master_List!$AW$3 -> 20/07/2026 | I301: =Master_List!$AW$4 -> 28.5 | J301: =Master_List!$AW$5 -> 65 | K301: OVERVIEW | L301: - | M301: - | N301: - | O301: - | P301: - | Q301: - | R301: - | S301: - | T301: =Master_List!$AW$6 -> TOSHIBA | U301: =Master_List!$AW$7 -> MRMU | V301: =Master_List!$AW$8 -> 12kV | W301: =Master_List!$AW$9 -> 2S1F | X301: =Master_List!$AW$10 -> MTM | Y301: =Master_List!$AW$11 -> HERMETICALLY SEAL | Z301: =Master_List!$AW$12 -> 750kVA | AA301: =Master_List!$AW$13 -> 1317 | AB301: =Master_List!$AW$14 -> 0 | AC301: =Master_List!$AW$15 -> 0 | AD301: =Master_List!$AW$16 -> 0 | AE301: =Master_List!$AW$17 -> 0 | AF301: =Master_List!$AW$18 -> INDKOM | AG301: =Master_List!$AW$19 -> J-SLOTTED | AH301: =Master_List!$AW$20 -> 1600A | AI301: =Master_List!$AW$21 -> LV5080090 | AJ301: =Master_List!$AW$22 -> LVDB TX1 | AK301: =Master_List!$AW$23 -> 0 | AL301: =Master_List!$AW$24 -> 0 | AM301: =Master_List!$AW$25 -> 0 | AN301: =Master_List!$AW$26 -> 0 | AO301: =Master_List!$AW$27 -> LVDB TX2 | AP301: =Master_List!$AW$28 -> SUNPOWER TECHNOLOGIES | AQ301: =Master_List!$AW$29 -> SPS 30-10 L | AR301: =Master_List!$AW$30 -> 11193-8527 | AS301: =Master_List!$AW$31 -> 0 | AT301: =Master_List!$AW$32 -> 0 | AU301: =Master_List!$AW$33 -> 0 | AV301: =Master_List!$AW$34 -> 0 | AW301: =Master_List!$AW$35 -> 0 | AX301: =Master_List!$AW$36 -> 0 | AY301: =Master_List!$AW$37 -> 0 | AZ301: =Master_List!$AW$38 -> 0 | BA301: =Master_List!$AW$39 -> 0 | BB301: 0dB | BC301: Normal | BD301: {} | BE301: page150 | BF301: IR Image Path | BG301: =BG300 -> C:\Users\aremi\Desktop\REPORT CBM\PO 42289580 - Pahang 11kV SECOND CYCLE AZZAD 2026\RAW MATERIAL\047. TNB BARU (IR+VI)\RAW DATA\IR | BH301: 300.jpg
A302: 151 | B302: BLACK BOX 1 | C302: 1 | D302: 11. blackbox1-overview.docx | E302: 151 | F302: =Master_List!$AW$1 -> PERPUSTAKAAN PUSAT | G302: =Master_List!$AW$2 -> 09:30 PM | H302: =Master_List!$AW$3 -> 20/07/2026 | I302: =Master_List!$AW$4 -> 28.5 | J302: =Master_List!$AW$5 -> 65 | K302: OVERVIEW | L302: - | M302: - | N302: - | O302: - | P302: - | Q302: - | R302: - | S302: - | T302: =Master_List!$AW$6 -> TOSHIBA | U302: =Master_List!$AW$7 -> MRMU | V302: =Master_List!$AW$8 -> 12kV | W302: =Master_List!$AW$9 -> 2S1F | X302: =Master_List!$AW$10 -> MTM | Y302: =Master_List!$AW$11 -> HERMETICALLY SEAL | Z302: =Master_List!$AW$12 -> 750kVA | AA302: =Master_List!$AW$13 -> 1317 | AB302: =Master_List!$AW$14 -> 0 | AC302: =Master_List!$AW$15 -> 0 | AD302: =Master_List!$AW$16 -> 0 | AE302: =Master_List!$AW$17 -> 0 | AF302: =Master_List!$AW$18 -> INDKOM | AG302: =Master_List!$AW$19 -> J-SLOTTED | AH302: =Master_List!$AW$20 -> 1600A | AI302: =Master_List!$AW$21 -> LV5080090 | AJ302: =Master_List!$AW$22 -> LVDB TX1 | AK302: =Master_List!$AW$23 -> 0 | AL302: =Master_List!$AW$24 -> 0 | AM302: =Master_List!$AW$25 -> 0 | AN302: =Master_List!$AW$26 -> 0 | AO302: =Master_List!$AW$27 -> LVDB TX2 | AP302: =Master_List!$AW$28 -> SUNPOWER TECHNOLOGIES | AQ302: =Master_List!$AW$29 -> SPS 30-10 L | AR302: =Master_List!$AW$30 -> 11193-8527 | AS302: =Master_List!$AW$31 -> 0 | AT302: =Master_List!$AW$32 -> 0 | AU302: =Master_List!$AW$33 -> 0 | AV302: =Master_List!$AW$34 -> 0 | AW302: =Master_List!$AW$35 -> 0 | AX302: =Master_List!$AW$36 -> 0 | AY302: =Master_List!$AW$37 -> 0 | AZ302: =Master_List!$AW$38 -> 0 | BA302: =Master_List!$AW$39 -> 0 | BB302: 0dB | BC302: Normal | BD302: {} | BE302: page151 | BF302: Visual Image Path | BG302: =BG301 -> C:\Users\aremi\Desktop\REPORT CBM\PO 42289580 - Pahang 11kV SECOND CYCLE AZZAD 2026\RAW MATERIAL\047. TNB BARU (IR+VI)\RAW DATA\IR | BH302: 301.jpg
A303: 151 | B303: BLACK BOX 1 | C303: 1 | D303: 11. blackbox1-overview.docx | E303: 151 | F303: =Master_List!$AW$1 -> PERPUSTAKAAN PUSAT | G303: =Master_List!$AW$2 -> 09:30 PM | H303: =Master_List!$AW$3 -> 20/07/2026 | I303: =Master_List!$AW$4 -> 28.5 | J303: =Master_List!$AW$5 -> 65 | K303: OVERVIEW | L303: - | M303: - | N303: - | O303: - | P303: - | Q303: - | R303: - | S303: - | T303: =Master_List!$AW$6 -> TOSHIBA | U303: =Master_List!$AW$7 -> MRMU | V303: =Master_List!$AW$8 -> 12kV | W303: =Master_List!$AW$9 -> 2S1F | X303: =Master_List!$AW$10 -> MTM | Y303: =Master_List!$AW$11 -> HERMETICALLY SEAL | Z303: =Master_List!$AW$12 -> 750kVA | AA303: =Master_List!$AW$13 -> 1317 | AB303: =Master_List!$AW$14 -> 0 | AC303: =Master_List!$AW$15 -> 0 | AD303: =Master_List!$AW$16 -> 0 | AE303: =Master_List!$AW$17 -> 0 | AF303: =Master_List!$AW$18 -> INDKOM | AG303: =Master_List!$AW$19 -> J-SLOTTED | AH303: =Master_List!$AW$20 -> 1600A | AI303: =Master_List!$AW$21 -> LV5080090 | AJ303: =Master_List!$AW$22 -> LVDB TX1 | AK303: =Master_List!$AW$23 -> 0 | AL303: =Master_List!$AW$24 -> 0 | AM303: =Master_List!$AW$25 -> 0 | AN303: =Master_List!$AW$26 -> 0 | AO303: =Master_List!$AW$27 -> LVDB TX2 | AP303: =Master_List!$AW$28 -> SUNPOWER TECHNOLOGIES | AQ303: =Master_List!$AW$29 -> SPS 30-10 L | AR303: =Master_List!$AW$30 -> 11193-8527 | AS303: =Master_List!$AW$31 -> 0 | AT303: =Master_List!$AW$32 -> 0 | AU303: =Master_List!$AW$33 -> 0 | AV303: =Master_List!$AW$34 -> 0 | AW303: =Master_List!$AW$35 -> 0 | AX303: =Master_List!$AW$36 -> 0 | AY303: =Master_List!$AW$37 -> 0 | AZ303: =Master_List!$AW$38 -> 0 | BA303: =Master_List!$AW$39 -> 0 | BB303: 0dB | BC303: Normal | BD303: {} | BE303: page151 | BF303: IR Image Path | BG303: =BG302 -> C:\Users\aremi\Desktop\REPORT CBM\PO 42289580 - Pahang 11kV SECOND CYCLE AZZAD 2026\RAW MATERIAL\047. TNB BARU (IR+VI)\RAW DATA\IR | BH303: 302.jpg
A304: 152 | B304: BLACK BOX 2 | C304: 1 | D304: 12. blackbox2-overview.docx | E304: 152 | F304: =Master_List!$AW$1 -> PERPUSTAKAAN PUSAT | G304: =Master_List!$AW$2 -> 09:30 PM | H304: =Master_List!$AW$3 -> 20/07/2026 | I304: =Master_List!$AW$4 -> 28.5 | J304: =Master_List!$AW$5 -> 65 | K304: OVERVIEW | L304: - | M304: - | N304: - | O304: - | P304: - | Q304: - | R304: - | S304: - | T304: =Master_List!$AW$6 -> TOSHIBA | U304: =Master_List!$AW$7 -> MRMU | V304: =Master_List!$AW$8 -> 12kV | W304: =Master_List!$AW$9 -> 2S1F | X304: =Master_List!$AW$10 -> MTM | Y304: =Master_List!$AW$11 -> HERMETICALLY SEAL | Z304: =Master_List!$AW$12 -> 750kVA | AA304: =Master_List!$AW$13 -> 1317 | AB304: =Master_List!$AW$14 -> 0 | AC304: =Master_List!$AW$15 -> 0 | AD304: =Master_List!$AW$16 -> 0 | AE304: =Master_List!$AW$17 -> 0 | AF304: =Master_List!$AW$18 -> INDKOM | AG304: =Master_List!$AW$19 -> J-SLOTTED | AH304: =Master_List!$AW$20 -> 1600A | AI304: =Master_List!$AW$21 -> LV5080090 | AJ304: =Master_List!$AW$22 -> LVDB TX1 | AK304: =Master_List!$AW$23 -> 0 | AL304: =Master_List!$AW$24 -> 0 | AM304: =Master_List!$AW$25 -> 0 | AN304: =Master_List!$AW$26 -> 0 | AO304: =Master_List!$AW$27 -> LVDB TX2 | AP304: =Master_List!$AW$28 -> SUNPOWER TECHNOLOGIES | AQ304: =Master_List!$AW$29 -> SPS 30-10 L | AR304: =Master_List!$AW$30 -> 11193-8527 | AS304: =Master_List!$AW$31 -> 0 | AT304: =Master_List!$AW$32 -> 0 | AU304: =Master_List!$AW$33 -> 0 | AV304: =Master_List!$AW$34 -> 0 | AW304: =Master_List!$AW$35 -> 0 | AX304: =Master_List!$AW$36 -> 0 | AY304: =Master_List!$AW$37 -> 0 | AZ304: =Master_List!$AW$38 -> 0 | BA304: =Master_List!$AW$39 -> 0 | BB304: 0dB | BC304: Normal | BD304: {} | BE304: page152 | BF304: Visual Image Path | BG304: =BG303 -> C:\Users\aremi\Desktop\REPORT CBM\PO 42289580 - Pahang 11kV SECOND CYCLE AZZAD 2026\RAW MATERIAL\047. TNB BARU (IR+VI)\RAW DATA\IR | BH304: 303.jpg
A305: 152 | B305: BLACK BOX 2 | C305: 1 | D305: 12. blackbox2-overview.docx | E305: 152 | F305: =Master_List!$AW$1 -> PERPUSTAKAAN PUSAT | G305: =Master_List!$AW$2 -> 09:30 PM | H305: =Master_List!$AW$3 -> 20/07/2026 | I305: =Master_List!$AW$4 -> 28.5 | J305: =Master_List!$AW$5 -> 65 | K305: OVERVIEW | L305: - | M305: - | N305: - | O305: - | P305: - | Q305: - | R305: - | S305: - | T305: =Master_List!$AW$6 -> TOSHIBA | U305: =Master_List!$AW$7 -> MRMU | V305: =Master_List!$AW$8 -> 12kV | W305: =Master_List!$AW$9 -> 2S1F | X305: =Master_List!$AW$10 -> MTM | Y305: =Master_List!$AW$11 -> HERMETICALLY SEAL | Z305: =Master_List!$AW$12 -> 750kVA | AA305: =Master_List!$AW$13 -> 1317 | AB305: =Master_List!$AW$14 -> 0 | AC305: =Master_List!$AW$15 -> 0 | AD305: =Master_List!$AW$16 -> 0 | AE305: =Master_List!$AW$17 -> 0 | AF305: =Master_List!$AW$18 -> INDKOM | AG305: =Master_List!$AW$19 -> J-SLOTTED | AH305: =Master_List!$AW$20 -> 1600A | AI305: =Master_List!$AW$21 -> LV5080090 | AJ305: =Master_List!$AW$22 -> LVDB TX1 | AK305: =Master_List!$AW$23 -> 0 | AL305: =Master_List!$AW$24 -> 0 | AM305: =Master_List!$AW$25 -> 0 | AN305: =Master_List!$AW$26 -> 0 | AO305: =Master_List!$AW$27 -> LVDB TX2 | AP305: =Master_List!$AW$28 -> SUNPOWER TECHNOLOGIES | AQ305: =Master_List!$AW$29 -> SPS 30-10 L | AR305: =Master_List!$AW$30 -> 11193-8527 | AS305: =Master_List!$AW$31 -> 0 | AT305: =Master_List!$AW$32 -> 0 | AU305: =Master_List!$AW$33 -> 0 | AV305: =Master_List!$AW$34 -> 0 | AW305: =Master_List!$AW$35 -> 0 | AX305: =Master_List!$AW$36 -> 0 | AY305: =Master_List!$AW$37 -> 0 | AZ305: =Master_List!$AW$38 -> 0 | BA305: =Master_List!$AW$39 -> 0 | BB305: 0dB | BC305: Normal | BD305: {} | BE305: page152 | BF305: IR Image Path | BG305: =BG304 -> C:\Users\aremi\Desktop\REPORT CBM\PO 42289580 - Pahang 11kV SECOND CYCLE AZZAD 2026\RAW MATERIAL\047. TNB BARU (IR+VI)\RAW DATA\IR | BH305: 304.jpg
A306: 153 | B306: BATTERY BANK 1 | C306: 1 | D306: 13. battery1-overview.docx | E306: 153 | F306: =Master_List!$AW$1 -> PERPUSTAKAAN PUSAT | G306: =Master_List!$AW$2 -> 09:30 PM | H306: =Master_List!$AW$3 -> 20/07/2026 | I306: =Master_List!$AW$4 -> 28.5 | J306: =Master_List!$AW$5 -> 65 | K306: OVERVIEW | L306: 1 | M306: - | N306: - | O306: - | P306: - | Q306: - | R306: - | S306: - | T306: =Master_List!$AW$6 -> TOSHIBA | U306: =Master_List!$AW$7 -> MRMU | V306: =Master_List!$AW$8 -> 12kV | W306: =Master_List!$AW$9 -> 2S1F | X306: =Master_List!$AW$10 -> MTM | Y306: =Master_List!$AW$11 -> HERMETICALLY SEAL | Z306: =Master_List!$AW$12 -> 750kVA | AA306: =Master_List!$AW$13 -> 1317 | AB306: =Master_List!$AW$14 -> 0 | AC306: =Master_List!$AW$15 -> 0 | AD306: =Master_List!$AW$16 -> 0 | AE306: =Master_List!$AW$17 -> 0 | AF306: =Master_List!$AW$18 -> INDKOM | AG306: =Master_List!$AW$19 -> J-SLOTTED | AH306: =Master_List!$AW$20 -> 1600A | AI306: =Master_List!$AW$21 -> LV5080090 | AJ306: =Master_List!$AW$22 -> LVDB TX1 | AK306: =Master_List!$AW$23 -> 0 | AL306: =Master_List!$AW$24 -> 0 | AM306: =Master_List!$AW$25 -> 0 | AN306: =Master_List!$AW$26 -> 0 | AO306: =Master_List!$AW$27 -> LVDB TX2 | AP306: =Master_List!$AW$28 -> SUNPOWER TECHNOLOGIES | AQ306: =Master_List!$AW$29 -> SPS 30-10 L | AR306: =Master_List!$AW$30 -> 11193-8527 | AS306: =Master_List!$AW$31 -> 0 | AT306: =Master_List!$AW$32 -> 0 | AU306: =Master_List!$AW$33 -> 0 | AV306: =Master_List!$AW$34 -> 0 | AW306: =Master_List!$AW$35 -> 0 | AX306: =Master_List!$AW$36 -> 0 | AY306: =Master_List!$AW$37 -> 0 | AZ306: =Master_List!$AW$38 -> 0 | BA306: =Master_List!$AW$39 -> 0 | BB306: 0dB | BC306: Normal | BD306: {} | BE306: page153 | BF306: Visual Image Path | BG306: =BG305 -> C:\Users\aremi\Desktop\REPORT CBM\PO 42289580 - Pahang 11kV SECOND CYCLE AZZAD 2026\RAW MATERIAL\047. TNB BARU (IR+VI)\RAW DATA\IR | BH306: 305.jpg
A307: 153 | B307: BATTERY BANK 1 | C307: 1 | D307: 13. battery1-overview.docx | E307: 153 | F307: =Master_List!$AW$1 -> PERPUSTAKAAN PUSAT | G307: =Master_List!$AW$2 -> 09:30 PM | H307: =Master_List!$AW$3 -> 20/07/2026 | I307: =Master_List!$AW$4 -> 28.5 | J307: =Master_List!$AW$5 -> 65 | K307: OVERVIEW | L307: 1 | M307: - | N307: - | O307: - | P307: - | Q307: - | R307: - | S307: - | T307: =Master_List!$AW$6 -> TOSHIBA | U307: =Master_List!$AW$7 -> MRMU | V307: =Master_List!$AW$8 -> 12kV | W307: =Master_List!$AW$9 -> 2S1F | X307: =Master_List!$AW$10 -> MTM | Y307: =Master_List!$AW$11 -> HERMETICALLY SEAL | Z307: =Master_List!$AW$12 -> 750kVA | AA307: =Master_List!$AW$13 -> 1317 | AB307: =Master_List!$AW$14 -> 0 | AC307: =Master_List!$AW$15 -> 0 | AD307: =Master_List!$AW$16 -> 0 | AE307: =Master_List!$AW$17 -> 0 | AF307: =Master_List!$AW$18 -> INDKOM | AG307: =Master_List!$AW$19 -> J-SLOTTED | AH307: =Master_List!$AW$20 -> 1600A | AI307: =Master_List!$AW$21 -> LV5080090 | AJ307: =Master_List!$AW$22 -> LVDB TX1 | AK307: =Master_List!$AW$23 -> 0 | AL307: =Master_List!$AW$24 -> 0 | AM307: =Master_List!$AW$25 -> 0 | AN307: =Master_List!$AW$26 -> 0 | AO307: =Master_List!$AW$27 -> LVDB TX2 | AP307: =Master_List!$AW$28 -> SUNPOWER TECHNOLOGIES | AQ307: =Master_List!$AW$29 -> SPS 30-10 L | AR307: =Master_List!$AW$30 -> 11193-8527 | AS307: =Master_List!$AW$31 -> 0 | AT307: =Master_List!$AW$32 -> 0 | AU307: =Master_List!$AW$33 -> 0 | AV307: =Master_List!$AW$34 -> 0 | AW307: =Master_List!$AW$35 -> 0 | AX307: =Master_List!$AW$36 -> 0 | AY307: =Master_List!$AW$37 -> 0 | AZ307: =Master_List!$AW$38 -> 0 | BA307: =Master_List!$AW$39 -> 0 | BB307: 0dB | BC307: Normal | BD307: {} | BE307: page153 | BF307: IR Image Path | BG307: =BG306 -> C:\Users\aremi\Desktop\REPORT CBM\PO 42289580 - Pahang 11kV SECOND CYCLE AZZAD 2026\RAW MATERIAL\047. TNB BARU (IR+VI)\RAW DATA\IR | BH307: 306.jpg
A308: 154 | B308: BATTERY BANK 2 | C308: 1 | D308: 14. battery2-overview.docx | E308: 154 | F308: =Master_List!$AW$1 -> PERPUSTAKAAN PUSAT | G308: =Master_List!$AW$2 -> 09:30 PM | H308: =Master_List!$AW$3 -> 20/07/2026 | I308: =Master_List!$AW$4 -> 28.5 | J308: =Master_List!$AW$5 -> 65 | K308: OVERVIEW | L308: 2 | M308: - | N308: - | O308: - | P308: - | Q308: - | R308: - | S308: - | T308: =Master_List!$AW$6 -> TOSHIBA | U308: =Master_List!$AW$7 -> MRMU | V308: =Master_List!$AW$8 -> 12kV | W308: =Master_List!$AW$9 -> 2S1F | X308: =Master_List!$AW$10 -> MTM | Y308: =Master_List!$AW$11 -> HERMETICALLY SEAL | Z308: =Master_List!$AW$12 -> 750kVA | AA308: =Master_List!$AW$13 -> 1317 | AB308: =Master_List!$AW$14 -> 0 | AC308: =Master_List!$AW$15 -> 0 | AD308: =Master_List!$AW$16 -> 0 | AE308: =Master_List!$AW$17 -> 0 | AF308: =Master_List!$AW$18 -> INDKOM | AG308: =Master_List!$AW$19 -> J-SLOTTED | AH308: =Master_List!$AW$20 -> 1600A | AI308: =Master_List!$AW$21 -> LV5080090 | AJ308: =Master_List!$AW$22 -> LVDB TX1 | AK308: =Master_List!$AW$23 -> 0 | AL308: =Master_List!$AW$24 -> 0 | AM308: =Master_List!$AW$25 -> 0 | AN308: =Master_List!$AW$26 -> 0 | AO308: =Master_List!$AW$27 -> LVDB TX2 | AP308: =Master_List!$AW$28 -> SUNPOWER TECHNOLOGIES | AQ308: =Master_List!$AW$29 -> SPS 30-10 L | AR308: =Master_List!$AW$30 -> 11193-8527 | AS308: =Master_List!$AW$31 -> 0 | AT308: =Master_List!$AW$32 -> 0 | AU308: =Master_List!$AW$33 -> 0 | AV308: =Master_List!$AW$34 -> 0 | AW308: =Master_List!$AW$35 -> 0 | AX308: =Master_List!$AW$36 -> 0 | AY308: =Master_List!$AW$37 -> 0 | AZ308: =Master_List!$AW$38 -> 0 | BA308: =Master_List!$AW$39 -> 0 | BB308: 0dB | BC308: Normal | BD308: {} | BE308: page154 | BF308: Visual Image Path | BG308: =BG307 -> C:\Users\aremi\Desktop\REPORT CBM\PO 42289580 - Pahang 11kV SECOND CYCLE AZZAD 2026\RAW MATERIAL\047. TNB BARU (IR+VI)\RAW DATA\IR | BH308: 307.jpg
A309: 154 | B309: BATTERY BANK 2 | C309: 1 | D309: 14. battery2-overview.docx | E309: 154 | F309: =Master_List!$AW$1 -> PERPUSTAKAAN PUSAT | G309: =Master_List!$AW$2 -> 09:30 PM | H309: =Master_List!$AW$3 -> 20/07/2026 | I309: =Master_List!$AW$4 -> 28.5 | J309: =Master_List!$AW$5 -> 65 | K309: OVERVIEW | L309: 2 | M309: - | N309: - | O309: - | P309: - | Q309: - | R309: - | S309: - | T309: =Master_List!$AW$6 -> TOSHIBA | U309: =Master_List!$AW$7 -> MRMU | V309: =Master_List!$AW$8 -> 12kV | W309: =Master_List!$AW$9 -> 2S1F | X309: =Master_List!$AW$10 -> MTM | Y309: =Master_List!$AW$11 -> HERMETICALLY SEAL | Z309: =Master_List!$AW$12 -> 750kVA | AA309: =Master_List!$AW$13 -> 1317 | AB309: =Master_List!$AW$14 -> 0 | AC309: =Master_List!$AW$15 -> 0 | AD309: =Master_List!$AW$16 -> 0 | AE309: =Master_List!$AW$17 -> 0 | AF309: =Master_List!$AW$18 -> INDKOM | AG309: =Master_List!$AW$19 -> J-SLOTTED | AH309: =Master_List!$AW$20 -> 1600A | AI309: =Master_List!$AW$21 -> LV5080090 | AJ309: =Master_List!$AW$22 -> LVDB TX1 | AK309: =Master_List!$AW$23 -> 0 | AL309: =Master_List!$AW$24 -> 0 | AM309: =Master_List!$AW$25 -> 0 | AN309: =Master_List!$AW$26 -> 0 | AO309: =Master_List!$AW$27 -> LVDB TX2 | AP309: =Master_List!$AW$28 -> SUNPOWER TECHNOLOGIES | AQ309: =Master_List!$AW$29 -> SPS 30-10 L | AR309: =Master_List!$AW$30 -> 11193-8527 | AS309: =Master_List!$AW$31 -> 0 | AT309: =Master_List!$AW$32 -> 0 | AU309: =Master_List!$AW$33 -> 0 | AV309: =Master_List!$AW$34 -> 0 | AW309: =Master_List!$AW$35 -> 0 | AX309: =Master_List!$AW$36 -> 0 | AY309: =Master_List!$AW$37 -> 0 | AZ309: =Master_List!$AW$38 -> 0 | BA309: =Master_List!$AW$39 -> 0 | BB309: 0dB | BC309: Normal | BD309: {} | BE309: page154 | BF309: IR Image Path | BG309: =BG308 -> C:\Users\aremi\Desktop\REPORT CBM\PO 42289580 - Pahang 11kV SECOND CYCLE AZZAD 2026\RAW MATERIAL\047. TNB BARU (IR+VI)\RAW DATA\IR | BH309: 308.jpg
A310: 155 | B310: BATTERY BANK 3 | C310: 1 | D310: 15. battery3-overview.docx | E310: 155 | F310: =Master_List!$AW$1 -> PERPUSTAKAAN PUSAT | G310: =Master_List!$AW$2 -> 09:30 PM | H310: =Master_List!$AW$3 -> 20/07/2026 | I310: =Master_List!$AW$4 -> 28.5 | J310: =Master_List!$AW$5 -> 65 | K310: OVERVIEW | L310: 3 | M310: - | N310: - | O310: - | P310: - | Q310: - | R310: - | S310: - | T310: =Master_List!$AW$6 -> TOSHIBA | U310: =Master_List!$AW$7 -> MRMU | V310: =Master_List!$AW$8 -> 12kV | W310: =Master_List!$AW$9 -> 2S1F | X310: =Master_List!$AW$10 -> MTM | Y310: =Master_List!$AW$11 -> HERMETICALLY SEAL | Z310: =Master_List!$AW$12 -> 750kVA | AA310: =Master_List!$AW$13 -> 1317 | AB310: =Master_List!$AW$14 -> 0 | AC310: =Master_List!$AW$15 -> 0 | AD310: =Master_List!$AW$16 -> 0 | AE310: =Master_List!$AW$17 -> 0 | AF310: =Master_List!$AW$18 -> INDKOM | AG310: =Master_List!$AW$19 -> J-SLOTTED | AH310: =Master_List!$AW$20 -> 1600A | AI310: =Master_List!$AW$21 -> LV5080090 | AJ310: =Master_List!$AW$22 -> LVDB TX1 | AK310: =Master_List!$AW$23 -> 0 | AL310: =Master_List!$AW$24 -> 0 | AM310: =Master_List!$AW$25 -> 0 | AN310: =Master_List!$AW$26 -> 0 | AO310: =Master_List!$AW$27 -> LVDB TX2 | AP310: =Master_List!$AW$28 -> SUNPOWER TECHNOLOGIES | AQ310: =Master_List!$AW$29 -> SPS 30-10 L | AR310: =Master_List!$AW$30 -> 11193-8527 | AS310: =Master_List!$AW$31 -> 0 | AT310: =Master_List!$AW$32 -> 0 | AU310: =Master_List!$AW$33 -> 0 | AV310: =Master_List!$AW$34 -> 0 | AW310: =Master_List!$AW$35 -> 0 | AX310: =Master_List!$AW$36 -> 0 | AY310: =Master_List!$AW$37 -> 0 | AZ310: =Master_List!$AW$38 -> 0 | BA310: =Master_List!$AW$39 -> 0 | BB310: 0dB | BC310: Normal | BD310: {} | BE310: page155 | BF310: Visual Image Path | BG310: =BG309 -> C:\Users\aremi\Desktop\REPORT CBM\PO 42289580 - Pahang 11kV SECOND CYCLE AZZAD 2026\RAW MATERIAL\047. TNB BARU (IR+VI)\RAW DATA\IR | BH310: 309.jpg
A311: 155 | B311: BATTERY BANK 3 | C311: 1 | D311: 15. battery3-overview.docx | E311: 155 | F311: =Master_List!$AW$1 -> PERPUSTAKAAN PUSAT | G311: =Master_List!$AW$2 -> 09:30 PM | H311: =Master_List!$AW$3 -> 20/07/2026 | I311: =Master_List!$AW$4 -> 28.5 | J311: =Master_List!$AW$5 -> 65 | K311: OVERVIEW | L311: 3 | M311: - | N311: - | O311: - | P311: - | Q311: - | R311: - | S311: - | T311: =Master_List!$AW$6 -> TOSHIBA | U311: =Master_List!$AW$7 -> MRMU | V311: =Master_List!$AW$8 -> 12kV | W311: =Master_List!$AW$9 -> 2S1F | X311: =Master_List!$AW$10 -> MTM | Y311: =Master_List!$AW$11 -> HERMETICALLY SEAL | Z311: =Master_List!$AW$12 -> 750kVA | AA311: =Master_List!$AW$13 -> 1317 | AB311: =Master_List!$AW$14 -> 0 | AC311: =Master_List!$AW$15 -> 0 | AD311: =Master_List!$AW$16 -> 0 | AE311: =Master_List!$AW$17 -> 0 | AF311: =Master_List!$AW$18 -> INDKOM | AG311: =Master_List!$AW$19 -> J-SLOTTED | AH311: =Master_List!$AW$20 -> 1600A | AI311: =Master_List!$AW$21 -> LV5080090 | AJ311: =Master_List!$AW$22 -> LVDB TX1 | AK311: =Master_List!$AW$23 -> 0 | AL311: =Master_List!$AW$24 -> 0 | AM311: =Master_List!$AW$25 -> 0 | AN311: =Master_List!$AW$26 -> 0 | AO311: =Master_List!$AW$27 -> LVDB TX2 | AP311: =Master_List!$AW$28 -> SUNPOWER TECHNOLOGIES | AQ311: =Master_List!$AW$29 -> SPS 30-10 L | AR311: =Master_List!$AW$30 -> 11193-8527 | AS311: =Master_List!$AW$31 -> 0 | AT311: =Master_List!$AW$32 -> 0 | AU311: =Master_List!$AW$33 -> 0 | AV311: =Master_List!$AW$34 -> 0 | AW311: =Master_List!$AW$35 -> 0 | AX311: =Master_List!$AW$36 -> 0 | AY311: =Master_List!$AW$37 -> 0 | AZ311: =Master_List!$AW$38 -> 0 | BA311: =Master_List!$AW$39 -> 0 | BB311: 0dB | BC311: Normal | BD311: {} | BE311: page155 | BF311: IR Image Path | BG311: =BG310 -> C:\Users\aremi\Desktop\REPORT CBM\PO 42289580 - Pahang 11kV SECOND CYCLE AZZAD 2026\RAW MATERIAL\047. TNB BARU (IR+VI)\RAW DATA\IR | BH311: 310.jpg
A312: 156 | B312: BATTERY BANK 4 | C312: 1 | D312: 16. battery4-overview.docx | E312: 156 | F312: =Master_List!$AW$1 -> PERPUSTAKAAN PUSAT | G312: =Master_List!$AW$2 -> 09:30 PM | H312: =Master_List!$AW$3 -> 20/07/2026 | I312: =Master_List!$AW$4 -> 28.5 | J312: =Master_List!$AW$5 -> 65 | K312: OVERVIEW | L312: 4 | M312: - | N312: - | O312: - | P312: - | Q312: - | R312: - | S312: - | T312: =Master_List!$AW$6 -> TOSHIBA | U312: =Master_List!$AW$7 -> MRMU | V312: =Master_List!$AW$8 -> 12kV | W312: =Master_List!$AW$9 -> 2S1F | X312: =Master_List!$AW$10 -> MTM | Y312: =Master_List!$AW$11 -> HERMETICALLY SEAL | Z312: =Master_List!$AW$12 -> 750kVA | AA312: =Master_List!$AW$13 -> 1317 | AB312: =Master_List!$AW$14 -> 0 | AC312: =Master_List!$AW$15 -> 0 | AD312: =Master_List!$AW$16 -> 0 | AE312: =Master_List!$AW$17 -> 0 | AF312: =Master_List!$AW$18 -> INDKOM | AG312: =Master_List!$AW$19 -> J-SLOTTED | AH312: =Master_List!$AW$20 -> 1600A | AI312: =Master_List!$AW$21 -> LV5080090 | AJ312: =Master_List!$AW$22 -> LVDB TX1 | AK312: =Master_List!$AW$23 -> 0 | AL312: =Master_List!$AW$24 -> 0 | AM312: =Master_List!$AW$25 -> 0 | AN312: =Master_List!$AW$26 -> 0 | AO312: =Master_List!$AW$27 -> LVDB TX2 | AP312: =Master_List!$AW$28 -> SUNPOWER TECHNOLOGIES | AQ312: =Master_List!$AW$29 -> SPS 30-10 L | AR312: =Master_List!$AW$30 -> 11193-8527 | AS312: =Master_List!$AW$31 -> 0 | AT312: =Master_List!$AW$32 -> 0 | AU312: =Master_List!$AW$33 -> 0 | AV312: =Master_List!$AW$34 -> 0 | AW312: =Master_List!$AW$35 -> 0 | AX312: =Master_List!$AW$36 -> 0 | AY312: =Master_List!$AW$37 -> 0 | AZ312: =Master_List!$AW$38 -> 0 | BA312: =Master_List!$AW$39 -> 0 | BB312: 0dB | BC312: Normal | BD312: {} | BE312: page156 | BF312: Visual Image Path | BG312: =BG311 -> C:\Users\aremi\Desktop\REPORT CBM\PO 42289580 - Pahang 11kV SECOND CYCLE AZZAD 2026\RAW MATERIAL\047. TNB BARU (IR+VI)\RAW DATA\IR | BH312: 311.jpg
A313: 156 | B313: BATTERY BANK 4 | C313: 1 | D313: 16. battery4-overview.docx | E313: 156 | F313: =Master_List!$AW$1 -> PERPUSTAKAAN PUSAT | G313: =Master_List!$AW$2 -> 09:30 PM | H313: =Master_List!$AW$3 -> 20/07/2026 | I313: =Master_List!$AW$4 -> 28.5 | J313: =Master_List!$AW$5 -> 65 | K313: OVERVIEW | L313: 4 | M313: - | N313: - | O313: - | P313: - | Q313: - | R313: - | S313: - | T313: =Master_List!$AW$6 -> TOSHIBA | U313: =Master_List!$AW$7 -> MRMU | V313: =Master_List!$AW$8 -> 12kV | W313: =Master_List!$AW$9 -> 2S1F | X313: =Master_List!$AW$10 -> MTM | Y313: =Master_List!$AW$11 -> HERMETICALLY SEAL | Z313: =Master_List!$AW$12 -> 750kVA | AA313: =Master_List!$AW$13 -> 1317 | AB313: =Master_List!$AW$14 -> 0 | AC313: =Master_List!$AW$15 -> 0 | AD313: =Master_List!$AW$16 -> 0 | AE313: =Master_List!$AW$17 -> 0 | AF313: =Master_List!$AW$18 -> INDKOM | AG313: =Master_List!$AW$19 -> J-SLOTTED | AH313: =Master_List!$AW$20 -> 1600A | AI313: =Master_List!$AW$21 -> LV5080090 | AJ313: =Master_List!$AW$22 -> LVDB TX1 | AK313: =Master_List!$AW$23 -> 0 | AL313: =Master_List!$AW$24 -> 0 | AM313: =Master_List!$AW$25 -> 0 | AN313: =Master_List!$AW$26 -> 0 | AO313: =Master_List!$AW$27 -> LVDB TX2 | AP313: =Master_List!$AW$28 -> SUNPOWER TECHNOLOGIES | AQ313: =Master_List!$AW$29 -> SPS 30-10 L | AR313: =Master_List!$AW$30 -> 11193-8527 | AS313: =Master_List!$AW$31 -> 0 | AT313: =Master_List!$AW$32 -> 0 | AU313: =Master_List!$AW$33 -> 0 | AV313: =Master_List!$AW$34 -> 0 | AW313: =Master_List!$AW$35 -> 0 | AX313: =Master_List!$AW$36 -> 0 | AY313: =Master_List!$AW$37 -> 0 | AZ313: =Master_List!$AW$38 -> 0 | BA313: =Master_List!$AW$39 -> 0 | BB313: 0dB | BC313: Normal | BD313: {} | BE313: page156 | BF313: IR Image Path | BG313: =BG312 -> C:\Users\aremi\Desktop\REPORT CBM\PO 42289580 - Pahang 11kV SECOND CYCLE AZZAD 2026\RAW MATERIAL\047. TNB BARU (IR+VI)\RAW DATA\IR | BH313: 312.jpg

Sheet Image_Mapping_RMU
A1: No | B1: Type | C1: Group | D1: Word Template | E1: Template Page No | F1: {{ substation.name_erms }} | G1: {{ substation.time }} | H1: {{ substation.date }} | I1: {{ substation.ambient }} | J1: {{ substation.humidity }} | K1: {{ swg.area }} | L1: {{ panel.linknumber }} | M1: {{ panel.name }} | N1: {{ panel.cabletype }} | O1: {{ panel.breakerstatus }} | P1: {{ panel.busbarposition }} | Q1: {{ panel.loadamp }} | R1: {{ panel.heateramp }} | S1: {{ swg.serialnumber }} | T1: {{ swg.manufacturer }} | U1: {{ swg.type }} | V1: {{ swg.rating }} | W1: {{ swg.model }} | X1: {{ tx1.manufacturer }} | Y1: {{ tx1.model }} | Z1: {{ tx1.rating }} | AA1: {{ tx1.serialnumber }} | AB1: {{ tx2.manufacturer }} | AC1: {{ tx2.model }} | AD1: {{ tx2.rating }} | AE1: {{ tx2.serialnumber }} | AF1: {{ fp1.manufacturer }} | AG1: {{ fp1.model }} | AH1: {{ fp1.rating }} | AI1: {{ fp1.serialnumber }} | AJ1: {{ fp1.labelsource }} | AK1: {{ fp2.manufacturer }} | AL1: {{ fp2.model }} | AM1: {{ fp2.rating }} | AN1: {{ fp2.serialnumber }} | AO1: {{ fp2.labelsource }} | AP1: {{ batt1.manufacturer }} | AQ1: {{ batt1.model }} | AR1: {{ batt1.serialnumber }} | AS1: {{ batt2.manufacturer }} | AT1: {{ batt2.model }} | AU1: {{ batt2.serialnumber }} | AV1: {{ batt3.manufacturer }} | AW1: {{ batt3.model }} | AX1: {{ batt3.serialnumber }} | AY1: {{ batt4.manufacturer }} | AZ1: {{ batt4.model }} | BA1: {{ batt4.serialnumber }} | BB1: {{ panel.db_level }} | BC1: {{ panel.us.char }} | BD1: Field Overrides | BE1: Output File Name | BF1: Attribute | BG1: Folder | BH1: Image File Name
A2: 1 | B2: Overview | C2: 1 | D2: 01. swg-overview.docx | E2: 1 | F2: =Master_List!$AW$1 -> PERPUSTAKAAN PUSAT | G2: =Master_List!$AW$2 -> 09:30 PM | H2: =Master_List!$AW$3 -> 20/07/2026 | I2: =Master_List!$AW$4 -> 28.5 | J2: =Master_List!$AW$5 -> 65 | K2: OVERVIEW | L2: - | M2: - | N2: - | O2: - | P2: - | Q2: - | R2: - | S2: =S14 -> 24DU738_1015 | T2: =Master_List!$AW$6 -> TOSHIBA | U2: =Master_List!$AW$7 -> MRMU | V2: =Master_List!$AW$8 -> 12kV | W2: =Master_List!$AW$9 -> 2S1F | X2: =Master_List!$AW$10 -> MTM | Y2: =Master_List!$AW$11 -> HERMETICALLY SEAL | Z2: =Master_List!$AW$12 -> 750kVA | AA2: =Master_List!$AW$13 -> 1317 | AB2: =Master_List!$AW$14 -> 0 | AC2: =Master_List!$AW$15 -> 0 | AD2: =Master_List!$AW$16 -> 0 | AE2: =Master_List!$AW$17 -> 0 | AF2: =Master_List!$AW$18 -> INDKOM | AG2: =Master_List!$AW$19 -> J-SLOTTED | AH2: =Master_List!$AW$20 -> 1600A | AI2: =Master_List!$AW$21 -> LV5080090 | AJ2: =Master_List!$AW$22 -> LVDB TX1 | AK2: =Master_List!$AW$23 -> 0 | AL2: =Master_List!$AW$24 -> 0 | AM2: =Master_List!$AW$25 -> 0 | AN2: =Master_List!$AW$26 -> 0 | AO2: =Master_List!$AW$27 -> LVDB TX2 | AP2: =Master_List!$AW$28 -> SUNPOWER TECHNOLOGIES | AQ2: =Master_List!$AW$29 -> SPS 30-10 L | AR2: =Master_List!$AW$30 -> 11193-8527 | AS2: =Master_List!$AW$31 -> 0 | AT2: =Master_List!$AW$32 -> 0 | AU2: =Master_List!$AW$33 -> 0 | AV2: =Master_List!$AW$34 -> 0 | AW2: =Master_List!$AW$35 -> 0 | AX2: =Master_List!$AW$36 -> 0 | AY2: =Master_List!$AW$37 -> 0 | AZ2: =Master_List!$AW$38 -> 0 | BA2: =Master_List!$AW$39 -> 0 | BB2: 0dB | BC2: Normal | BD2: {} | BE2: page1 | BF2: Visual Image Path | BG2: =Master_List!AZ1 -> C:\Users\aremi\Desktop\REPORT CBM\PO 42289580 - Pahang 11kV SECOND CYCLE AZZAD 2026\RAW MATERIAL\047. TNB BARU (IR+VI)\RAW DATA\IR | BH2: 1.jpg
A3: 1 | B3: Overview | C3: 1 | D3: 01. swg-overview.docx | E3: 1 | F3: =Master_List!$AW$1 -> PERPUSTAKAAN PUSAT | G3: =Master_List!$AW$2 -> 09:30 PM | H3: =Master_List!$AW$3 -> 20/07/2026 | I3: =Master_List!$AW$4 -> 28.5 | J3: =Master_List!$AW$5 -> 65 | K3: OVERVIEW | L3: - | M3: - | N3: - | O3: - | P3: - | Q3: - | R3: - | S3: =S2 -> 24DU738_1015 | T3: =Master_List!$AW$6 -> TOSHIBA | U3: =Master_List!$AW$7 -> MRMU | V3: =Master_List!$AW$8 -> 12kV | W3: =Master_List!$AW$9 -> 2S1F | X3: =Master_List!$AW$10 -> MTM | Y3: =Master_List!$AW$11 -> HERMETICALLY SEAL | Z3: =Master_List!$AW$12 -> 750kVA | AA3: =Master_List!$AW$13 -> 1317 | AB3: =Master_List!$AW$14 -> 0 | AC3: =Master_List!$AW$15 -> 0 | AD3: =Master_List!$AW$16 -> 0 | AE3: =Master_List!$AW$17 -> 0 | AF3: =Master_List!$AW$18 -> INDKOM | AG3: =Master_List!$AW$19 -> J-SLOTTED | AH3: =Master_List!$AW$20 -> 1600A | AI3: =Master_List!$AW$21 -> LV5080090 | AJ3: =Master_List!$AW$22 -> LVDB TX1 | AK3: =Master_List!$AW$23 -> 0 | AL3: =Master_List!$AW$24 -> 0 | AM3: =Master_List!$AW$25 -> 0 | AN3: =Master_List!$AW$26 -> 0 | AO3: =Master_List!$AW$27 -> LVDB TX2 | AP3: =Master_List!$AW$28 -> SUNPOWER TECHNOLOGIES | AQ3: =Master_List!$AW$29 -> SPS 30-10 L | AR3: =Master_List!$AW$30 -> 11193-8527 | AS3: =Master_List!$AW$31 -> 0 | AT3: =Master_List!$AW$32 -> 0 | AU3: =Master_List!$AW$33 -> 0 | AV3: =Master_List!$AW$34 -> 0 | AW3: =Master_List!$AW$35 -> 0 | AX3: =Master_List!$AW$36 -> 0 | AY3: =Master_List!$AW$37 -> 0 | AZ3: =Master_List!$AW$38 -> 0 | BA3: =Master_List!$AW$39 -> 0 | BB3: 0dB | BC3: Normal | BD3: {} | BE3: page1 | BF3: IR Image Path | BG3: =BG2 -> C:\Users\aremi\Desktop\REPORT CBM\PO 42289580 - Pahang 11kV SECOND CYCLE AZZAD 2026\RAW MATERIAL\047. TNB BARU (IR+VI)\RAW DATA\IR | BH3: 2.jpg
A4: 2 | B4: Overview | C4: 1 | D4: 01. swg-overview.docx | E4: 2 | F4: =Master_List!$AW$1 -> PERPUSTAKAAN PUSAT | G4: =Master_List!$AW$2 -> 09:30 PM | H4: =Master_List!$AW$3 -> 20/07/2026 | I4: =Master_List!$AW$4 -> 28.5 | J4: =Master_List!$AW$5 -> 65 | K4: OVERVIEW TOP | L4: - | M4: - | N4: - | O4: - | P4: - | Q4: - | R4: - | S4: =S3 -> 24DU738_1015 | T4: =Master_List!$AW$6 -> TOSHIBA | U4: =Master_List!$AW$7 -> MRMU | V4: =Master_List!$AW$8 -> 12kV | W4: =Master_List!$AW$9 -> 2S1F | X4: =Master_List!$AW$10 -> MTM | Y4: =Master_List!$AW$11 -> HERMETICALLY SEAL | Z4: =Master_List!$AW$12 -> 750kVA | AA4: =Master_List!$AW$13 -> 1317 | AB4: =Master_List!$AW$14 -> 0 | AC4: =Master_List!$AW$15 -> 0 | AD4: =Master_List!$AW$16 -> 0 | AE4: =Master_List!$AW$17 -> 0 | AF4: =Master_List!$AW$18 -> INDKOM | AG4: =Master_List!$AW$19 -> J-SLOTTED | AH4: =Master_List!$AW$20 -> 1600A | AI4: =Master_List!$AW$21 -> LV5080090 | AJ4: =Master_List!$AW$22 -> LVDB TX1 | AK4: =Master_List!$AW$23 -> 0 | AL4: =Master_List!$AW$24 -> 0 | AM4: =Master_List!$AW$25 -> 0 | AN4: =Master_List!$AW$26 -> 0 | AO4: =Master_List!$AW$27 -> LVDB TX2 | AP4: =Master_List!$AW$28 -> SUNPOWER TECHNOLOGIES | AQ4: =Master_List!$AW$29 -> SPS 30-10 L | AR4: =Master_List!$AW$30 -> 11193-8527 | AS4: =Master_List!$AW$31 -> 0 | AT4: =Master_List!$AW$32 -> 0 | AU4: =Master_List!$AW$33 -> 0 | AV4: =Master_List!$AW$34 -> 0 | AW4: =Master_List!$AW$35 -> 0 | AX4: =Master_List!$AW$36 -> 0 | AY4: =Master_List!$AW$37 -> 0 | AZ4: =Master_List!$AW$38 -> 0 | BA4: =Master_List!$AW$39 -> 0 | BB4: 0dB | BC4: Normal | BD4: {} | BE4: page2 | BF4: Visual Image Path | BG4: =BG3 -> C:\Users\aremi\Desktop\REPORT CBM\PO 42289580 - Pahang 11kV SECOND CYCLE AZZAD 2026\RAW MATERIAL\047. TNB BARU (IR+VI)\RAW DATA\IR | BH4: 3.jpg
A5: 2 | B5: Overview | C5: 1 | D5: 01. swg-overview.docx | E5: 2 | F5: =Master_List!$AW$1 -> PERPUSTAKAAN PUSAT | G5: =Master_List!$AW$2 -> 09:30 PM | H5: =Master_List!$AW$3 -> 20/07/2026 | I5: =Master_List!$AW$4 -> 28.5 | J5: =Master_List!$AW$5 -> 65 | K5: OVERVIEW TOP | L5: - | M5: - | N5: - | O5: - | P5: - | Q5: - | R5: - | S5: =S4 -> 24DU738_1015 | T5: =Master_List!$AW$6 -> TOSHIBA | U5: =Master_List!$AW$7 -> MRMU | V5: =Master_List!$AW$8 -> 12kV | W5: =Master_List!$AW$9 -> 2S1F | X5: =Master_List!$AW$10 -> MTM | Y5: =Master_List!$AW$11 -> HERMETICALLY SEAL | Z5: =Master_List!$AW$12 -> 750kVA | AA5: =Master_List!$AW$13 -> 1317 | AB5: =Master_List!$AW$14 -> 0 | AC5: =Master_List!$AW$15 -> 0 | AD5: =Master_List!$AW$16 -> 0 | AE5: =Master_List!$AW$17 -> 0 | AF5: =Master_List!$AW$18 -> INDKOM | AG5: =Master_List!$AW$19 -> J-SLOTTED | AH5: =Master_List!$AW$20 -> 1600A | AI5: =Master_List!$AW$21 -> LV5080090 | AJ5: =Master_List!$AW$22 -> LVDB TX1 | AK5: =Master_List!$AW$23 -> 0 | AL5: =Master_List!$AW$24 -> 0 | AM5: =Master_List!$AW$25 -> 0 | AN5: =Master_List!$AW$26 -> 0 | AO5: =Master_List!$AW$27 -> LVDB TX2 | AP5: =Master_List!$AW$28 -> SUNPOWER TECHNOLOGIES | AQ5: =Master_List!$AW$29 -> SPS 30-10 L | AR5: =Master_List!$AW$30 -> 11193-8527 | AS5: =Master_List!$AW$31 -> 0 | AT5: =Master_List!$AW$32 -> 0 | AU5: =Master_List!$AW$33 -> 0 | AV5: =Master_List!$AW$34 -> 0 | AW5: =Master_List!$AW$35 -> 0 | AX5: =Master_List!$AW$36 -> 0 | AY5: =Master_List!$AW$37 -> 0 | AZ5: =Master_List!$AW$38 -> 0 | BA5: =Master_List!$AW$39 -> 0 | BB5: 0dB | BC5: Normal | BD5: {} | BE5: page2 | BF5: IR Image Path | BG5: =BG4 -> C:\Users\aremi\Desktop\REPORT CBM\PO 42289580 - Pahang 11kV SECOND CYCLE AZZAD 2026\RAW MATERIAL\047. TNB BARU (IR+VI)\RAW DATA\IR | BH5: 4.jpg
A6: 3 | B6: Overview | C6: 1 | D6: 01. swg-overview.docx | E6: 3 | F6: =Master_List!$AW$1 -> PERPUSTAKAAN PUSAT | G6: =Master_List!$AW$2 -> 09:30 PM | H6: =Master_List!$AW$3 -> 20/07/2026 | I6: =Master_List!$AW$4 -> 28.5 | J6: =Master_List!$AW$5 -> 65 | K6: OVERVIEW BOTTOM | L6: - | M6: - | N6: - | O6: - | P6: - | Q6: - | R6: - | S6: =S5 -> 24DU738_1015 | T6: =Master_List!$AW$6 -> TOSHIBA | U6: =Master_List!$AW$7 -> MRMU | V6: =Master_List!$AW$8 -> 12kV | W6: =Master_List!$AW$9 -> 2S1F | X6: =Master_List!$AW$10 -> MTM | Y6: =Master_List!$AW$11 -> HERMETICALLY SEAL | Z6: =Master_List!$AW$12 -> 750kVA | AA6: =Master_List!$AW$13 -> 1317 | AB6: =Master_List!$AW$14 -> 0 | AC6: =Master_List!$AW$15 -> 0 | AD6: =Master_List!$AW$16 -> 0 | AE6: =Master_List!$AW$17 -> 0 | AF6: =Master_List!$AW$18 -> INDKOM | AG6: =Master_List!$AW$19 -> J-SLOTTED | AH6: =Master_List!$AW$20 -> 1600A | AI6: =Master_List!$AW$21 -> LV5080090 | AJ6: =Master_List!$AW$22 -> LVDB TX1 | AK6: =Master_List!$AW$23 -> 0 | AL6: =Master_List!$AW$24 -> 0 | AM6: =Master_List!$AW$25 -> 0 | AN6: =Master_List!$AW$26 -> 0 | AO6: =Master_List!$AW$27 -> LVDB TX2 | AP6: =Master_List!$AW$28 -> SUNPOWER TECHNOLOGIES | AQ6: =Master_List!$AW$29 -> SPS 30-10 L | AR6: =Master_List!$AW$30 -> 11193-8527 | AS6: =Master_List!$AW$31 -> 0 | AT6: =Master_List!$AW$32 -> 0 | AU6: =Master_List!$AW$33 -> 0 | AV6: =Master_List!$AW$34 -> 0 | AW6: =Master_List!$AW$35 -> 0 | AX6: =Master_List!$AW$36 -> 0 | AY6: =Master_List!$AW$37 -> 0 | AZ6: =Master_List!$AW$38 -> 0 | BA6: =Master_List!$AW$39 -> 0 | BB6: 0dB | BC6: Normal | BD6: {} | BE6: page3 | BF6: Visual Image Path | BG6: =BG5 -> C:\Users\aremi\Desktop\REPORT CBM\PO 42289580 - Pahang 11kV SECOND CYCLE AZZAD 2026\RAW MATERIAL\047. TNB BARU (IR+VI)\RAW DATA\IR | BH6: 5.jpg
A7: 3 | B7: Overview | C7: 1 | D7: 01. swg-overview.docx | E7: 3 | F7: =Master_List!$AW$1 -> PERPUSTAKAAN PUSAT | G7: =Master_List!$AW$2 -> 09:30 PM | H7: =Master_List!$AW$3 -> 20/07/2026 | I7: =Master_List!$AW$4 -> 28.5 | J7: =Master_List!$AW$5 -> 65 | K7: OVERVIEW BOTTOM | L7: - | M7: - | N7: - | O7: - | P7: - | Q7: - | R7: - | S7: =S6 -> 24DU738_1015 | T7: =Master_List!$AW$6 -> TOSHIBA | U7: =Master_List!$AW$7 -> MRMU | V7: =Master_List!$AW$8 -> 12kV | W7: =Master_List!$AW$9 -> 2S1F | X7: =Master_List!$AW$10 -> MTM | Y7: =Master_List!$AW$11 -> HERMETICALLY SEAL | Z7: =Master_List!$AW$12 -> 750kVA | AA7: =Master_List!$AW$13 -> 1317 | AB7: =Master_List!$AW$14 -> 0 | AC7: =Master_List!$AW$15 -> 0 | AD7: =Master_List!$AW$16 -> 0 | AE7: =Master_List!$AW$17 -> 0 | AF7: =Master_List!$AW$18 -> INDKOM | AG7: =Master_List!$AW$19 -> J-SLOTTED | AH7: =Master_List!$AW$20 -> 1600A | AI7: =Master_List!$AW$21 -> LV5080090 | AJ7: =Master_List!$AW$22 -> LVDB TX1 | AK7: =Master_List!$AW$23 -> 0 | AL7: =Master_List!$AW$24 -> 0 | AM7: =Master_List!$AW$25 -> 0 | AN7: =Master_List!$AW$26 -> 0 | AO7: =Master_List!$AW$27 -> LVDB TX2 | AP7: =Master_List!$AW$28 -> SUNPOWER TECHNOLOGIES | AQ7: =Master_List!$AW$29 -> SPS 30-10 L | AR7: =Master_List!$AW$30 -> 11193-8527 | AS7: =Master_List!$AW$31 -> 0 | AT7: =Master_List!$AW$32 -> 0 | AU7: =Master_List!$AW$33 -> 0 | AV7: =Master_List!$AW$34 -> 0 | AW7: =Master_List!$AW$35 -> 0 | AX7: =Master_List!$AW$36 -> 0 | AY7: =Master_List!$AW$37 -> 0 | AZ7: =Master_List!$AW$38 -> 0 | BA7: =Master_List!$AW$39 -> 0 | BB7: 0dB | BC7: Normal | BD7: {} | BE7: page3 | BF7: IR Image Path | BG7: =BG6 -> C:\Users\aremi\Desktop\REPORT CBM\PO 42289580 - Pahang 11kV SECOND CYCLE AZZAD 2026\RAW MATERIAL\047. TNB BARU (IR+VI)\RAW DATA\IR | BH7: 6.jpg
A8: 4 | B8: Overview | C8: 1 | D8: 01. swg-overview.docx | E8: 4 | F8: =Master_List!$AW$1 -> PERPUSTAKAAN PUSAT | G8: =Master_List!$AW$2 -> 09:30 PM | H8: =Master_List!$AW$3 -> 20/07/2026 | I8: =Master_List!$AW$4 -> 28.5 | J8: =Master_List!$AW$5 -> 65 | K8: OVERVIEW REAR | L8: - | M8: - | N8: - | O8: - | P8: - | Q8: - | R8: - | S8: =S7 -> 24DU738_1015 | T8: =Master_List!$AW$6 -> TOSHIBA | U8: =Master_List!$AW$7 -> MRMU | V8: =Master_List!$AW$8 -> 12kV | W8: =Master_List!$AW$9 -> 2S1F | X8: =Master_List!$AW$10 -> MTM | Y8: =Master_List!$AW$11 -> HERMETICALLY SEAL | Z8: =Master_List!$AW$12 -> 750kVA | AA8: =Master_List!$AW$13 -> 1317 | AB8: =Master_List!$AW$14 -> 0 | AC8: =Master_List!$AW$15 -> 0 | AD8: =Master_List!$AW$16 -> 0 | AE8: =Master_List!$AW$17 -> 0 | AF8: =Master_List!$AW$18 -> INDKOM | AG8: =Master_List!$AW$19 -> J-SLOTTED | AH8: =Master_List!$AW$20 -> 1600A | AI8: =Master_List!$AW$21 -> LV5080090 | AJ8: =Master_List!$AW$22 -> LVDB TX1 | AK8: =Master_List!$AW$23 -> 0 | AL8: =Master_List!$AW$24 -> 0 | AM8: =Master_List!$AW$25 -> 0 | AN8: =Master_List!$AW$26 -> 0 | AO8: =Master_List!$AW$27 -> LVDB TX2 | AP8: =Master_List!$AW$28 -> SUNPOWER TECHNOLOGIES | AQ8: =Master_List!$AW$29 -> SPS 30-10 L | AR8: =Master_List!$AW$30 -> 11193-8527 | AS8: =Master_List!$AW$31 -> 0 | AT8: =Master_List!$AW$32 -> 0 | AU8: =Master_List!$AW$33 -> 0 | AV8: =Master_List!$AW$34 -> 0 | AW8: =Master_List!$AW$35 -> 0 | AX8: =Master_List!$AW$36 -> 0 | AY8: =Master_List!$AW$37 -> 0 | AZ8: =Master_List!$AW$38 -> 0 | BA8: =Master_List!$AW$39 -> 0 | BB8: 0dB | BC8: Normal | BD8: {} | BE8: page4 | BF8: Visual Image Path | BG8: =BG7 -> C:\Users\aremi\Desktop\REPORT CBM\PO 42289580 - Pahang 11kV SECOND CYCLE AZZAD 2026\RAW MATERIAL\047. TNB BARU (IR+VI)\RAW DATA\IR | BH8: 7.jpg
A9: 4 | B9: Overview | C9: 1 | D9: 01. swg-overview.docx | E9: 4 | F9: =Master_List!$AW$1 -> PERPUSTAKAAN PUSAT | G9: =Master_List!$AW$2 -> 09:30 PM | H9: =Master_List!$AW$3 -> 20/07/2026 | I9: =Master_List!$AW$4 -> 28.5 | J9: =Master_List!$AW$5 -> 65 | K9: OVERVIEW REAR | L9: - | M9: - | N9: - | O9: - | P9: - | Q9: - | R9: - | S9: =S8 -> 24DU738_1015 | T9: =Master_List!$AW$6 -> TOSHIBA | U9: =Master_List!$AW$7 -> MRMU | V9: =Master_List!$AW$8 -> 12kV | W9: =Master_List!$AW$9 -> 2S1F | X9: =Master_List!$AW$10 -> MTM | Y9: =Master_List!$AW$11 -> HERMETICALLY SEAL | Z9: =Master_List!$AW$12 -> 750kVA | AA9: =Master_List!$AW$13 -> 1317 | AB9: =Master_List!$AW$14 -> 0 | AC9: =Master_List!$AW$15 -> 0 | AD9: =Master_List!$AW$16 -> 0 | AE9: =Master_List!$AW$17 -> 0 | AF9: =Master_List!$AW$18 -> INDKOM | AG9: =Master_List!$AW$19 -> J-SLOTTED | AH9: =Master_List!$AW$20 -> 1600A | AI9: =Master_List!$AW$21 -> LV5080090 | AJ9: =Master_List!$AW$22 -> LVDB TX1 | AK9: =Master_List!$AW$23 -> 0 | AL9: =Master_List!$AW$24 -> 0 | AM9: =Master_List!$AW$25 -> 0 | AN9: =Master_List!$AW$26 -> 0 | AO9: =Master_List!$AW$27 -> LVDB TX2 | AP9: =Master_List!$AW$28 -> SUNPOWER TECHNOLOGIES | AQ9: =Master_List!$AW$29 -> SPS 30-10 L | AR9: =Master_List!$AW$30 -> 11193-8527 | AS9: =Master_List!$AW$31 -> 0 | AT9: =Master_List!$AW$32 -> 0 | AU9: =Master_List!$AW$33 -> 0 | AV9: =Master_List!$AW$34 -> 0 | AW9: =Master_List!$AW$35 -> 0 | AX9: =Master_List!$AW$36 -> 0 | AY9: =Master_List!$AW$37 -> 0 | AZ9: =Master_List!$AW$38 -> 0 | BA9: =Master_List!$AW$39 -> 0 | BB9: 0dB | BC9: Normal | BD9: {} | BE9: page4 | BF9: IR Image Path | BG9: =BG8 -> C:\Users\aremi\Desktop\REPORT CBM\PO 42289580 - Pahang 11kV SECOND CYCLE AZZAD 2026\RAW MATERIAL\047. TNB BARU (IR+VI)\RAW DATA\IR | BH9: 8.jpg
A10: 5 | B10: Overview | C10: 1 | D10: 01. swg-overview.docx | E10: 5 | F10: =Master_List!$AW$1 -> PERPUSTAKAAN PUSAT | G10: =Master_List!$AW$2 -> 09:30 PM | H10: =Master_List!$AW$3 -> 20/07/2026 | I10: =Master_List!$AW$4 -> 28.5 | J10: =Master_List!$AW$5 -> 65 | K10: OVERVIEW SIDE (LHS) | L10: - | M10: - | N10: - | O10: - | P10: - | Q10: - | R10: - | S10: =S9 -> 24DU738_1015 | T10: =Master_List!$AW$6 -> TOSHIBA | U10: =Master_List!$AW$7 -> MRMU | V10: =Master_List!$AW$8 -> 12kV | W10: =Master_List!$AW$9 -> 2S1F | X10: =Master_List!$AW$10 -> MTM | Y10: =Master_List!$AW$11 -> HERMETICALLY SEAL | Z10: =Master_List!$AW$12 -> 750kVA | AA10: =Master_List!$AW$13 -> 1317 | AB10: =Master_List!$AW$14 -> 0 | AC10: =Master_List!$AW$15 -> 0 | AD10: =Master_List!$AW$16 -> 0 | AE10: =Master_List!$AW$17 -> 0 | AF10: =Master_List!$AW$18 -> INDKOM | AG10: =Master_List!$AW$19 -> J-SLOTTED | AH10: =Master_List!$AW$20 -> 1600A | AI10: =Master_List!$AW$21 -> LV5080090 | AJ10: =Master_List!$AW$22 -> LVDB TX1 | AK10: =Master_List!$AW$23 -> 0 | AL10: =Master_List!$AW$24 -> 0 | AM10: =Master_List!$AW$25 -> 0 | AN10: =Master_List!$AW$26 -> 0 | AO10: =Master_List!$AW$27 -> LVDB TX2 | AP10: =Master_List!$AW$28 -> SUNPOWER TECHNOLOGIES | AQ10: =Master_List!$AW$29 -> SPS 30-10 L | AR10: =Master_List!$AW$30 -> 11193-8527 | AS10: =Master_List!$AW$31 -> 0 | AT10: =Master_List!$AW$32 -> 0 | AU10: =Master_List!$AW$33 -> 0 | AV10: =Master_List!$AW$34 -> 0 | AW10: =Master_List!$AW$35 -> 0 | AX10: =Master_List!$AW$36 -> 0 | AY10: =Master_List!$AW$37 -> 0 | AZ10: =Master_List!$AW$38 -> 0 | BA10: =Master_List!$AW$39 -> 0 | BB10: 0dB | BC10: Normal | BD10: {} | BE10: page5 | BF10: Visual Image Path | BG10: =BG9 -> C:\Users\aremi\Desktop\REPORT CBM\PO 42289580 - Pahang 11kV SECOND CYCLE AZZAD 2026\RAW MATERIAL\047. TNB BARU (IR+VI)\RAW DATA\IR | BH10: 9.jpg
A11: 5 | B11: Overview | C11: 1 | D11: 01. swg-overview.docx | E11: 5 | F11: =Master_List!$AW$1 -> PERPUSTAKAAN PUSAT | G11: =Master_List!$AW$2 -> 09:30 PM | H11: =Master_List!$AW$3 -> 20/07/2026 | I11: =Master_List!$AW$4 -> 28.5 | J11: =Master_List!$AW$5 -> 65 | K11: OVERVIEW SIDE (LHS) | L11: - | M11: - | N11: - | O11: - | P11: - | Q11: - | R11: - | S11: =S10 -> 24DU738_1015 | T11: =Master_List!$AW$6 -> TOSHIBA | U11: =Master_List!$AW$7 -> MRMU | V11: =Master_List!$AW$8 -> 12kV | W11: =Master_List!$AW$9 -> 2S1F | X11: =Master_List!$AW$10 -> MTM | Y11: =Master_List!$AW$11 -> HERMETICALLY SEAL | Z11: =Master_List!$AW$12 -> 750kVA | AA11: =Master_List!$AW$13 -> 1317 | AB11: =Master_List!$AW$14 -> 0 | AC11: =Master_List!$AW$15 -> 0 | AD11: =Master_List!$AW$16 -> 0 | AE11: =Master_List!$AW$17 -> 0 | AF11: =Master_List!$AW$18 -> INDKOM | AG11: =Master_List!$AW$19 -> J-SLOTTED | AH11: =Master_List!$AW$20 -> 1600A | AI11: =Master_List!$AW$21 -> LV5080090 | AJ11: =Master_List!$AW$22 -> LVDB TX1 | AK11: =Master_List!$AW$23 -> 0 | AL11: =Master_List!$AW$24 -> 0 | AM11: =Master_List!$AW$25 -> 0 | AN11: =Master_List!$AW$26 -> 0 | AO11: =Master_List!$AW$27 -> LVDB TX2 | AP11: =Master_List!$AW$28 -> SUNPOWER TECHNOLOGIES | AQ11: =Master_List!$AW$29 -> SPS 30-10 L | AR11: =Master_List!$AW$30 -> 11193-8527 | AS11: =Master_List!$AW$31 -> 0 | AT11: =Master_List!$AW$32 -> 0 | AU11: =Master_List!$AW$33 -> 0 | AV11: =Master_List!$AW$34 -> 0 | AW11: =Master_List!$AW$35 -> 0 | AX11: =Master_List!$AW$36 -> 0 | AY11: =Master_List!$AW$37 -> 0 | AZ11: =Master_List!$AW$38 -> 0 | BA11: =Master_List!$AW$39 -> 0 | BB11: 0dB | BC11: Normal | BD11: {} | BE11: page5 | BF11: IR Image Path | BG11: =BG10 -> C:\Users\aremi\Desktop\REPORT CBM\PO 42289580 - Pahang 11kV SECOND CYCLE AZZAD 2026\RAW MATERIAL\047. TNB BARU (IR+VI)\RAW DATA\IR | BH11: 10.jpg
A12: 6 | B12: Overview | C12: 1 | D12: 01. swg-overview.docx | E12: 6 | F12: =Master_List!$AW$1 -> PERPUSTAKAAN PUSAT | G12: =Master_List!$AW$2 -> 09:30 PM | H12: =Master_List!$AW$3 -> 20/07/2026 | I12: =Master_List!$AW$4 -> 28.5 | J12: =Master_List!$AW$5 -> 65 | K12: OVERVIEW SIDE (RHS) | L12: - | M12: - | N12: - | O12: - | P12: - | Q12: - | R12: - | S12: =S11 -> 24DU738_1015 | T12: =Master_List!$AW$6 -> TOSHIBA | U12: =Master_List!$AW$7 -> MRMU | V12: =Master_List!$AW$8 -> 12kV | W12: =Master_List!$AW$9 -> 2S1F | X12: =Master_List!$AW$10 -> MTM | Y12: =Master_List!$AW$11 -> HERMETICALLY SEAL | Z12: =Master_List!$AW$12 -> 750kVA | AA12: =Master_List!$AW$13 -> 1317 | AB12: =Master_List!$AW$14 -> 0 | AC12: =Master_List!$AW$15 -> 0 | AD12: =Master_List!$AW$16 -> 0 | AE12: =Master_List!$AW$17 -> 0 | AF12: =Master_List!$AW$18 -> INDKOM | AG12: =Master_List!$AW$19 -> J-SLOTTED | AH12: =Master_List!$AW$20 -> 1600A | AI12: =Master_List!$AW$21 -> LV5080090 | AJ12: =Master_List!$AW$22 -> LVDB TX1 | AK12: =Master_List!$AW$23 -> 0 | AL12: =Master_List!$AW$24 -> 0 | AM12: =Master_List!$AW$25 -> 0 | AN12: =Master_List!$AW$26 -> 0 | AO12: =Master_List!$AW$27 -> LVDB TX2 | AP12: =Master_List!$AW$28 -> SUNPOWER TECHNOLOGIES | AQ12: =Master_List!$AW$29 -> SPS 30-10 L | AR12: =Master_List!$AW$30 -> 11193-8527 | AS12: =Master_List!$AW$31 -> 0 | AT12: =Master_List!$AW$32 -> 0 | AU12: =Master_List!$AW$33 -> 0 | AV12: =Master_List!$AW$34 -> 0 | AW12: =Master_List!$AW$35 -> 0 | AX12: =Master_List!$AW$36 -> 0 | AY12: =Master_List!$AW$37 -> 0 | AZ12: =Master_List!$AW$38 -> 0 | BA12: =Master_List!$AW$39 -> 0 | BB12: 0dB | BC12: Normal | BD12: {} | BE12: page6 | BF12: Visual Image Path | BG12: =BG11 -> C:\Users\aremi\Desktop\REPORT CBM\PO 42289580 - Pahang 11kV SECOND CYCLE AZZAD 2026\RAW MATERIAL\047. TNB BARU (IR+VI)\RAW DATA\IR | BH12: 11.jpg
A13: 6 | B13: Overview | C13: 1 | D13: 01. swg-overview.docx | E13: 6 | F13: =Master_List!$AW$1 -> PERPUSTAKAAN PUSAT | G13: =Master_List!$AW$2 -> 09:30 PM | H13: =Master_List!$AW$3 -> 20/07/2026 | I13: =Master_List!$AW$4 -> 28.5 | J13: =Master_List!$AW$5 -> 65 | K13: OVERVIEW SIDE (RHS) | L13: - | M13: - | N13: - | O13: - | P13: - | Q13: - | R13: - | S13: =S12 -> 24DU738_1015 | T13: =Master_List!$AW$6 -> TOSHIBA | U13: =Master_List!$AW$7 -> MRMU | V13: =Master_List!$AW$8 -> 12kV | W13: =Master_List!$AW$9 -> 2S1F | X13: =Master_List!$AW$10 -> MTM | Y13: =Master_List!$AW$11 -> HERMETICALLY SEAL | Z13: =Master_List!$AW$12 -> 750kVA | AA13: =Master_List!$AW$13 -> 1317 | AB13: =Master_List!$AW$14 -> 0 | AC13: =Master_List!$AW$15 -> 0 | AD13: =Master_List!$AW$16 -> 0 | AE13: =Master_List!$AW$17 -> 0 | AF13: =Master_List!$AW$18 -> INDKOM | AG13: =Master_List!$AW$19 -> J-SLOTTED | AH13: =Master_List!$AW$20 -> 1600A | AI13: =Master_List!$AW$21 -> LV5080090 | AJ13: =Master_List!$AW$22 -> LVDB TX1 | AK13: =Master_List!$AW$23 -> 0 | AL13: =Master_List!$AW$24 -> 0 | AM13: =Master_List!$AW$25 -> 0 | AN13: =Master_List!$AW$26 -> 0 | AO13: =Master_List!$AW$27 -> LVDB TX2 | AP13: =Master_List!$AW$28 -> SUNPOWER TECHNOLOGIES | AQ13: =Master_List!$AW$29 -> SPS 30-10 L | AR13: =Master_List!$AW$30 -> 11193-8527 | AS13: =Master_List!$AW$31 -> 0 | AT13: =Master_List!$AW$32 -> 0 | AU13: =Master_List!$AW$33 -> 0 | AV13: =Master_List!$AW$34 -> 0 | AW13: =Master_List!$AW$35 -> 0 | AX13: =Master_List!$AW$36 -> 0 | AY13: =Master_List!$AW$37 -> 0 | AZ13: =Master_List!$AW$38 -> 0 | BA13: =Master_List!$AW$39 -> 0 | BB13: 0dB | BC13: Normal | BD13: {} | BE13: page6 | BF13: IR Image Path | BG13: =BG12 -> C:\Users\aremi\Desktop\REPORT CBM\PO 42289580 - Pahang 11kV SECOND CYCLE AZZAD 2026\RAW MATERIAL\047. TNB BARU (IR+VI)\RAW DATA\IR | BH13: 12.jpg
A14: 7 | B14: Panel1 | C14: 1 | D14: 02. swg-panel.docx | E14: 7 | F14: =Master_List!$AW$1 -> PERPUSTAKAAN PUSAT | G14: =Master_List!$AW$2 -> 09:30 PM | H14: =Master_List!$AW$3 -> 20/07/2026 | I14: =Master_List!$AW$4 -> 28.5 | J14: =Master_List!$AW$5 -> 65 | K14: CABLE COMPARTMENT | L14: =IFERROR(VLOOKUP(B14, Master_List!$A:$I, 2, FALSE), "-") -> JJB 87616 | M14: =IFERROR(VLOOKUP(B14, Master_List!$A:$I, 3, FALSE), "-") -> PDT QRTS AGAMA | N14: =IFERROR(VLOOKUP(B14, Master_List!$A:$I, 4, FALSE), "-") -> NOT ACCESSIBLE | O14: =IFERROR(VLOOKUP(B14, Master_List!$A:$I, 5, FALSE), "-") -> CLOSE | P14: =IFERROR(VLOOKUP(B14, Master_List!$A:$I, 6, FALSE), "-") | Q14: =IFERROR(VLOOKUP(B14, Master_List!$A:$I, 7, FALSE), "-") | R14: =IFERROR(VLOOKUP(B14, Master_List!$A:$I, 8, FALSE), "-") | S14: =IFERROR(VLOOKUP(B14, Master_List!$A:$I, 9, FALSE), "-") -> 24DU738_1015 | T14: =Master_List!$AW$6 -> TOSHIBA | U14: =Master_List!$AW$7 -> MRMU | V14: =Master_List!$AW$8 -> 12kV | W14: =Master_List!$AW$9 -> 2S1F | X14: =Master_List!$AW$10 -> MTM | Y14: =Master_List!$AW$11 -> HERMETICALLY SEAL | Z14: =Master_List!$AW$12 -> 750kVA | AA14: =Master_List!$AW$13 -> 1317 | AB14: =Master_List!$AW$14 -> 0 | AC14: =Master_List!$AW$15 -> 0 | AD14: =Master_List!$AW$16 -> 0 | AE14: =Master_List!$AW$17 -> 0 | AF14: =Master_List!$AW$18 -> INDKOM | AG14: =Master_List!$AW$19 -> J-SLOTTED | AH14: =Master_List!$AW$20 -> 1600A | AI14: =Master_List!$AW$21 -> LV5080090 | AJ14: =Master_List!$AW$22 -> LVDB TX1 | AK14: =Master_List!$AW$23 -> 0 | AL14: =Master_List!$AW$24 -> 0 | AM14: =Master_List!$AW$25 -> 0 | AN14: =Master_List!$AW$26 -> 0 | AO14: =Master_List!$AW$27 -> LVDB TX2 | AP14: =Master_List!$AW$28 -> SUNPOWER TECHNOLOGIES | AQ14: =Master_List!$AW$29 -> SPS 30-10 L | AR14: =Master_List!$AW$30 -> 11193-8527 | AS14: =Master_List!$AW$31 -> 0 | AT14: =Master_List!$AW$32 -> 0 | AU14: =Master_List!$AW$33 -> 0 | AV14: =Master_List!$AW$34 -> 0 | AW14: =Master_List!$AW$35 -> 0 | AX14: =Master_List!$AW$36 -> 0 | AY14: =Master_List!$AW$37 -> 0 | AZ14: =Master_List!$AW$38 -> 0 | BA14: =Master_List!$AW$39 -> 0 | BB14: 0dB | BC14: Normal | BD14: {} | BE14: page7 | BF14: Visual Image Path | BG14: =BG13 -> C:\Users\aremi\Desktop\REPORT CBM\PO 42289580 - Pahang 11kV SECOND CYCLE AZZAD 2026\RAW MATERIAL\047. TNB BARU (IR+VI)\RAW DATA\IR | BH14: 13.jpg
A15: 7 | B15: Panel1 | C15: 1 | D15: 02. swg-panel.docx | E15: 7 | F15: =Master_List!$AW$1 -> PERPUSTAKAAN PUSAT | G15: =Master_List!$AW$2 -> 09:30 PM | H15: =Master_List!$AW$3 -> 20/07/2026 | I15: =Master_List!$AW$4 -> 28.5 | J15: =Master_List!$AW$5 -> 65 | K15: CABLE COMPARTMENT | L15: =IFERROR(VLOOKUP(B15, Master_List!$A:$I, 2, FALSE), "-") -> JJB 87616 | M15: =IFERROR(VLOOKUP(B15, Master_List!$A:$I, 3, FALSE), "-") -> PDT QRTS AGAMA | N15: =IFERROR(VLOOKUP(B15, Master_List!$A:$I, 4, FALSE), "-") -> NOT ACCESSIBLE | O15: =IFERROR(VLOOKUP(B15, Master_List!$A:$I, 5, FALSE), "-") -> CLOSE | P15: =IFERROR(VLOOKUP(B15, Master_List!$A:$I, 6, FALSE), "-") | Q15: =IFERROR(VLOOKUP(B15, Master_List!$A:$I, 7, FALSE), "-") | R15: =IFERROR(VLOOKUP(B15, Master_List!$A:$I, 8, FALSE), "-") | S15: =IFERROR(VLOOKUP(B15, Master_List!$A:$I, 9, FALSE), "-") -> 24DU738_1015 | T15: =Master_List!$AW$6 -> TOSHIBA | U15: =Master_List!$AW$7 -> MRMU | V15: =Master_List!$AW$8 -> 12kV | W15: =Master_List!$AW$9 -> 2S1F | X15: =Master_List!$AW$10 -> MTM | Y15: =Master_List!$AW$11 -> HERMETICALLY SEAL | Z15: =Master_List!$AW$12 -> 750kVA | AA15: =Master_List!$AW$13 -> 1317 | AB15: =Master_List!$AW$14 -> 0 | AC15: =Master_List!$AW$15 -> 0 | AD15: =Master_List!$AW$16 -> 0 | AE15: =Master_List!$AW$17 -> 0 | AF15: =Master_List!$AW$18 -> INDKOM | AG15: =Master_List!$AW$19 -> J-SLOTTED | AH15: =Master_List!$AW$20 -> 1600A | AI15: =Master_List!$AW$21 -> LV5080090 | AJ15: =Master_List!$AW$22 -> LVDB TX1 | AK15: =Master_List!$AW$23 -> 0 | AL15: =Master_List!$AW$24 -> 0 | AM15: =Master_List!$AW$25 -> 0 | AN15: =Master_List!$AW$26 -> 0 | AO15: =Master_List!$AW$27 -> LVDB TX2 | AP15: =Master_List!$AW$28 -> SUNPOWER TECHNOLOGIES | AQ15: =Master_List!$AW$29 -> SPS 30-10 L | AR15: =Master_List!$AW$30 -> 11193-8527 | AS15: =Master_List!$AW$31 -> 0 | AT15: =Master_List!$AW$32 -> 0 | AU15: =Master_List!$AW$33 -> 0 | AV15: =Master_List!$AW$34 -> 0 | AW15: =Master_List!$AW$35 -> 0 | AX15: =Master_List!$AW$36 -> 0 | AY15: =Master_List!$AW$37 -> 0 | AZ15: =Master_List!$AW$38 -> 0 | BA15: =Master_List!$AW$39 -> 0 | BB15: 0dB | BC15: Normal | BD15: {} | BE15: page7 | BF15: IR Image Path | BG15: =BG14 -> C:\Users\aremi\Desktop\REPORT CBM\PO 42289580 - Pahang 11kV SECOND CYCLE AZZAD 2026\RAW MATERIAL\047. TNB BARU (IR+VI)\RAW DATA\IR | BH15: 14.jpg
A16: 8 | B16: Panel1 | C16: 1 | D16: 02. swg-panel.docx | E16: 8 | F16: =Master_List!$AW$1 -> PERPUSTAKAAN PUSAT | G16: =Master_List!$AW$2 -> 09:30 PM | H16: =Master_List!$AW$3 -> 20/07/2026 | I16: =Master_List!$AW$4 -> 28.5 | J16: =Master_List!$AW$5 -> 65 | K16: CABLE ENTRY | L16: =IFERROR(VLOOKUP(B16, Master_List!$A:$I, 2, FALSE), "-") -> JJB 87616 | M16: =IFERROR(VLOOKUP(B16, Master_List!$A:$I, 3, FALSE), "-") -> PDT QRTS AGAMA | N16: =IFERROR(VLOOKUP(B16, Master_List!$A:$I, 4, FALSE), "-") -> NOT ACCESSIBLE | O16: =IFERROR(VLOOKUP(B16, Master_List!$A:$I, 5, FALSE), "-") -> CLOSE | P16: =IFERROR(VLOOKUP(B16, Master_List!$A:$I, 6, FALSE), "-") | Q16: =IFERROR(VLOOKUP(B16, Master_List!$A:$I, 7, FALSE), "-") | R16: =IFERROR(VLOOKUP(B16, Master_List!$A:$I, 8, FALSE), "-") | S16: =IFERROR(VLOOKUP(B16, Master_List!$A:$I, 9, FALSE), "-") -> 24DU738_1015 | T16: =Master_List!$AW$6 -> TOSHIBA | U16: =Master_List!$AW$7 -> MRMU | V16: =Master_List!$AW$8 -> 12kV | W16: =Master_List!$AW$9 -> 2S1F | X16: =Master_List!$AW$10 -> MTM | Y16: =Master_List!$AW$11 -> HERMETICALLY SEAL | Z16: =Master_List!$AW$12 -> 750kVA | AA16: =Master_List!$AW$13 -> 1317 | AB16: =Master_List!$AW$14 -> 0 | AC16: =Master_List!$AW$15 -> 0 | AD16: =Master_List!$AW$16 -> 0 | AE16: =Master_List!$AW$17 -> 0 | AF16: =Master_List!$AW$18 -> INDKOM | AG16: =Master_List!$AW$19 -> J-SLOTTED | AH16: =Master_List!$AW$20 -> 1600A | AI16: =Master_List!$AW$21 -> LV5080090 | AJ16: =Master_List!$AW$22 -> LVDB TX1 | AK16: =Master_List!$AW$23 -> 0 | AL16: =Master_List!$AW$24 -> 0 | AM16: =Master_List!$AW$25 -> 0 | AN16: =Master_List!$AW$26 -> 0 | AO16: =Master_List!$AW$27 -> LVDB TX2 | AP16: =Master_List!$AW$28 -> SUNPOWER TECHNOLOGIES | AQ16: =Master_List!$AW$29 -> SPS 30-10 L | AR16: =Master_List!$AW$30 -> 11193-8527 | AS16: =Master_List!$AW$31 -> 0 | AT16: =Master_List!$AW$32 -> 0 | AU16: =Master_List!$AW$33 -> 0 | AV16: =Master_List!$AW$34 -> 0 | AW16: =Master_List!$AW$35 -> 0 | AX16: =Master_List!$AW$36 -> 0 | AY16: =Master_List!$AW$37 -> 0 | AZ16: =Master_List!$AW$38 -> 0 | BA16: =Master_List!$AW$39 -> 0 | BB16: 0dB | BC16: Normal | BD16: {} | BE16: page8 | BF16: Visual Image Path | BG16: =BG15 -> C:\Users\aremi\Desktop\REPORT CBM\PO 42289580 - Pahang 11kV SECOND CYCLE AZZAD 2026\RAW MATERIAL\047. TNB BARU (IR+VI)\RAW DATA\IR | BH16: 15.jpg
A17: 8 | B17: Panel1 | C17: 1 | D17: 02. swg-panel.docx | E17: 8 | F17: =Master_List!$AW$1 -> PERPUSTAKAAN PUSAT | G17: =Master_List!$AW$2 -> 09:30 PM | H17: =Master_List!$AW$3 -> 20/07/2026 | I17: =Master_List!$AW$4 -> 28.5 | J17: =Master_List!$AW$5 -> 65 | K17: CABLE ENTRY | L17: =IFERROR(VLOOKUP(B17, Master_List!$A:$I, 2, FALSE), "-") -> JJB 87616 | M17: =IFERROR(VLOOKUP(B17, Master_List!$A:$I, 3, FALSE), "-") -> PDT QRTS AGAMA | N17: =IFERROR(VLOOKUP(B17, Master_List!$A:$I, 4, FALSE), "-") -> NOT ACCESSIBLE | O17: =IFERROR(VLOOKUP(B17, Master_List!$A:$I, 5, FALSE), "-") -> CLOSE | P17: =IFERROR(VLOOKUP(B17, Master_List!$A:$I, 6, FALSE), "-") | Q17: =IFERROR(VLOOKUP(B17, Master_List!$A:$I, 7, FALSE), "-") | R17: =IFERROR(VLOOKUP(B17, Master_List!$A:$I, 8, FALSE), "-") | S17: =IFERROR(VLOOKUP(B17, Master_List!$A:$I, 9, FALSE), "-") -> 24DU738_1015 | T17: =Master_List!$AW$6 -> TOSHIBA | U17: =Master_List!$AW$7 -> MRMU | V17: =Master_List!$AW$8 -> 12kV | W17: =Master_List!$AW$9 -> 2S1F | X17: =Master_List!$AW$10 -> MTM | Y17: =Master_List!$AW$11 -> HERMETICALLY SEAL | Z17: =Master_List!$AW$12 -> 750kVA | AA17: =Master_List!$AW$13 -> 1317 | AB17: =Master_List!$AW$14 -> 0 | AC17: =Master_List!$AW$15 -> 0 | AD17: =Master_List!$AW$16 -> 0 | AE17: =Master_List!$AW$17 -> 0 | AF17: =Master_List!$AW$18 -> INDKOM | AG17: =Master_List!$AW$19 -> J-SLOTTED | AH17: =Master_List!$AW$20 -> 1600A | AI17: =Master_List!$AW$21 -> LV5080090 | AJ17: =Master_List!$AW$22 -> LVDB TX1 | AK17: =Master_List!$AW$23 -> 0 | AL17: =Master_List!$AW$24 -> 0 | AM17: =Master_List!$AW$25 -> 0 | AN17: =Master_List!$AW$26 -> 0 | AO17: =Master_List!$AW$27 -> LVDB TX2 | AP17: =Master_List!$AW$28 -> SUNPOWER TECHNOLOGIES | AQ17: =Master_List!$AW$29 -> SPS 30-10 L | AR17: =Master_List!$AW$30 -> 11193-8527 | AS17: =Master_List!$AW$31 -> 0 | AT17: =Master_List!$AW$32 -> 0 | AU17: =Master_List!$AW$33 -> 0 | AV17: =Master_List!$AW$34 -> 0 | AW17: =Master_List!$AW$35 -> 0 | AX17: =Master_List!$AW$36 -> 0 | AY17: =Master_List!$AW$37 -> 0 | AZ17: =Master_List!$AW$38 -> 0 | BA17: =Master_List!$AW$39 -> 0 | BB17: 0dB | BC17: Normal | BD17: {} | BE17: page8 | BF17: IR Image Path | BG17: =BG16 -> C:\Users\aremi\Desktop\REPORT CBM\PO 42289580 - Pahang 11kV SECOND CYCLE AZZAD 2026\RAW MATERIAL\047. TNB BARU (IR+VI)\RAW DATA\IR | BH17: 16.jpg
A18: 9 | B18: Panel2 | C18: 1 | D18: 02. swg-panel.docx | E18: 9 | F18: =Master_List!$AW$1 -> PERPUSTAKAAN PUSAT | G18: =Master_List!$AW$2 -> 09:30 PM | H18: =Master_List!$AW$3 -> 20/07/2026 | I18: =Master_List!$AW$4 -> 28.5 | J18: =Master_List!$AW$5 -> 65 | K18: CABLE COMPARTMENT | L18: =IFERROR(VLOOKUP(B18, Master_List!$A:$I, 2, FALSE), "-") -> JJB 87617 | M18: =IFERROR(VLOOKUP(B18, Master_List!$A:$I, 3, FALSE), "-") -> WISMA TNB | N18: =IFERROR(VLOOKUP(B18, Master_List!$A:$I, 4, FALSE), "-") -> NOT ACCESSIBLE | O18: =IFERROR(VLOOKUP(B18, Master_List!$A:$I, 5, FALSE), "-") -> OPEN | P18: =IFERROR(VLOOKUP(B18, Master_List!$A:$I, 6, FALSE), "-") | Q18: =IFERROR(VLOOKUP(B18, Master_List!$A:$I, 7, FALSE), "-") | R18: =IFERROR(VLOOKUP(B18, Master_List!$A:$I, 8, FALSE), "-") | S18: =IFERROR(VLOOKUP(B18, Master_List!$A:$I, 9, FALSE), "-") -> 24DU738_1015 | T18: =Master_List!$AW$6 -> TOSHIBA | U18: =Master_List!$AW$7 -> MRMU | V18: =Master_List!$AW$8 -> 12kV | W18: =Master_List!$AW$9 -> 2S1F | X18: =Master_List!$AW$10 -> MTM | Y18: =Master_List!$AW$11 -> HERMETICALLY SEAL | Z18: =Master_List!$AW$12 -> 750kVA | AA18: =Master_List!$AW$13 -> 1317 | AB18: =Master_List!$AW$14 -> 0 | AC18: =Master_List!$AW$15 -> 0 | AD18: =Master_List!$AW$16 -> 0 | AE18: =Master_List!$AW$17 -> 0 | AF18: =Master_List!$AW$18 -> INDKOM | AG18: =Master_List!$AW$19 -> J-SLOTTED | AH18: =Master_List!$AW$20 -> 1600A | AI18: =Master_List!$AW$21 -> LV5080090 | AJ18: =Master_List!$AW$22 -> LVDB TX1 | AK18: =Master_List!$AW$23 -> 0 | AL18: =Master_List!$AW$24 -> 0 | AM18: =Master_List!$AW$25 -> 0 | AN18: =Master_List!$AW$26 -> 0 | AO18: =Master_List!$AW$27 -> LVDB TX2 | AP18: =Master_List!$AW$28 -> SUNPOWER TECHNOLOGIES | AQ18: =Master_List!$AW$29 -> SPS 30-10 L | AR18: =Master_List!$AW$30 -> 11193-8527 | AS18: =Master_List!$AW$31 -> 0 | AT18: =Master_List!$AW$32 -> 0 | AU18: =Master_List!$AW$33 -> 0 | AV18: =Master_List!$AW$34 -> 0 | AW18: =Master_List!$AW$35 -> 0 | AX18: =Master_List!$AW$36 -> 0 | AY18: =Master_List!$AW$37 -> 0 | AZ18: =Master_List!$AW$38 -> 0 | BA18: =Master_List!$AW$39 -> 0 | BB18: 0dB | BC18: Normal | BD18: {} | BE18: page9 | BF18: Visual Image Path | BG18: =BG17 -> C:\Users\aremi\Desktop\REPORT CBM\PO 42289580 - Pahang 11kV SECOND CYCLE AZZAD 2026\RAW MATERIAL\047. TNB BARU (IR+VI)\RAW DATA\IR | BH18: 17.jpg
A19: 9 | B19: Panel2 | C19: 1 | D19: 02. swg-panel.docx | E19: 9 | F19: =Master_List!$AW$1 -> PERPUSTAKAAN PUSAT | G19: =Master_List!$AW$2 -> 09:30 PM | H19: =Master_List!$AW$3 -> 20/07/2026 | I19: =Master_List!$AW$4 -> 28.5 | J19: =Master_List!$AW$5 -> 65 | K19: CABLE COMPARTMENT | L19: =IFERROR(VLOOKUP(B19, Master_List!$A:$I, 2, FALSE), "-") -> JJB 87617 | M19: =IFERROR(VLOOKUP(B19, Master_List!$A:$I, 3, FALSE), "-") -> WISMA TNB | N19: =IFERROR(VLOOKUP(B19, Master_List!$A:$I, 4, FALSE), "-") -> NOT ACCESSIBLE | O19: =IFERROR(VLOOKUP(B19, Master_List!$A:$I, 5, FALSE), "-") -> OPEN | P19: =IFERROR(VLOOKUP(B19, Master_List!$A:$I, 6, FALSE), "-") | Q19: =IFERROR(VLOOKUP(B19, Master_List!$A:$I, 7, FALSE), "-") | R19: =IFERROR(VLOOKUP(B19, Master_List!$A:$I, 8, FALSE), "-") | S19: =IFERROR(VLOOKUP(B19, Master_List!$A:$I, 9, FALSE), "-") -> 24DU738_1015 | T19: =Master_List!$AW$6 -> TOSHIBA | U19: =Master_List!$AW$7 -> MRMU | V19: =Master_List!$AW$8 -> 12kV | W19: =Master_List!$AW$9 -> 2S1F | X19: =Master_List!$AW$10 -> MTM | Y19: =Master_List!$AW$11 -> HERMETICALLY SEAL | Z19: =Master_List!$AW$12 -> 750kVA | AA19: =Master_List!$AW$13 -> 1317 | AB19: =Master_List!$AW$14 -> 0 | AC19: =Master_List!$AW$15 -> 0 | AD19: =Master_List!$AW$16 -> 0 | AE19: =Master_List!$AW$17 -> 0 | AF19: =Master_List!$AW$18 -> INDKOM | AG19: =Master_List!$AW$19 -> J-SLOTTED | AH19: =Master_List!$AW$20 -> 1600A | AI19: =Master_List!$AW$21 -> LV5080090 | AJ19: =Master_List!$AW$22 -> LVDB TX1 | AK19: =Master_List!$AW$23 -> 0 | AL19: =Master_List!$AW$24 -> 0 | AM19: =Master_List!$AW$25 -> 0 | AN19: =Master_List!$AW$26 -> 0 | AO19: =Master_List!$AW$27 -> LVDB TX2 | AP19: =Master_List!$AW$28 -> SUNPOWER TECHNOLOGIES | AQ19: =Master_List!$AW$29 -> SPS 30-10 L | AR19: =Master_List!$AW$30 -> 11193-8527 | AS19: =Master_List!$AW$31 -> 0 | AT19: =Master_List!$AW$32 -> 0 | AU19: =Master_List!$AW$33 -> 0 | AV19: =Master_List!$AW$34 -> 0 | AW19: =Master_List!$AW$35 -> 0 | AX19: =Master_List!$AW$36 -> 0 | AY19: =Master_List!$AW$37 -> 0 | AZ19: =Master_List!$AW$38 -> 0 | BA19: =Master_List!$AW$39 -> 0 | BB19: 0dB | BC19: Normal | BD19: {} | BE19: page9 | BF19: IR Image Path | BG19: =BG18 -> C:\Users\aremi\Desktop\REPORT CBM\PO 42289580 - Pahang 11kV SECOND CYCLE AZZAD 2026\RAW MATERIAL\047. TNB BARU (IR+VI)\RAW DATA\IR | BH19: 18.jpg
A20: 10 | B20: Panel2 | C20: 1 | D20: 02. swg-panel.docx | E20: 10 | F20: =Master_List!$AW$1 -> PERPUSTAKAAN PUSAT | G20: =Master_List!$AW$2 -> 09:30 PM | H20: =Master_List!$AW$3 -> 20/07/2026 | I20: =Master_List!$AW$4 -> 28.5 | J20: =Master_List!$AW$5 -> 65 | K20: CABLE ENTRY | L20: =IFERROR(VLOOKUP(B20, Master_List!$A:$I, 2, FALSE), "-") -> JJB 87617 | M20: =IFERROR(VLOOKUP(B20, Master_List!$A:$I, 3, FALSE), "-") -> WISMA TNB | N20: =IFERROR(VLOOKUP(B20, Master_List!$A:$I, 4, FALSE), "-") -> NOT ACCESSIBLE | O20: =IFERROR(VLOOKUP(B20, Master_List!$A:$I, 5, FALSE), "-") -> OPEN | P20: =IFERROR(VLOOKUP(B20, Master_List!$A:$I, 6, FALSE), "-") | Q20: =IFERROR(VLOOKUP(B20, Master_List!$A:$I, 7, FALSE), "-") | R20: =IFERROR(VLOOKUP(B20, Master_List!$A:$I, 8, FALSE), "-") | S20: =IFERROR(VLOOKUP(B20, Master_List!$A:$I, 9, FALSE), "-") -> 24DU738_1015 | T20: =Master_List!$AW$6 -> TOSHIBA | U20: =Master_List!$AW$7 -> MRMU | V20: =Master_List!$AW$8 -> 12kV | W20: =Master_List!$AW$9 -> 2S1F | X20: =Master_List!$AW$10 -> MTM | Y20: =Master_List!$AW$11 -> HERMETICALLY SEAL | Z20: =Master_List!$AW$12 -> 750kVA | AA20: =Master_List!$AW$13 -> 1317 | AB20: =Master_List!$AW$14 -> 0 | AC20: =Master_List!$AW$15 -> 0 | AD20: =Master_List!$AW$16 -> 0 | AE20: =Master_List!$AW$17 -> 0 | AF20: =Master_List!$AW$18 -> INDKOM | AG20: =Master_List!$AW$19 -> J-SLOTTED | AH20: =Master_List!$AW$20 -> 1600A | AI20: =Master_List!$AW$21 -> LV5080090 | AJ20: =Master_List!$AW$22 -> LVDB TX1 | AK20: =Master_List!$AW$23 -> 0 | AL20: =Master_List!$AW$24 -> 0 | AM20: =Master_List!$AW$25 -> 0 | AN20: =Master_List!$AW$26 -> 0 | AO20: =Master_List!$AW$27 -> LVDB TX2 | AP20: =Master_List!$AW$28 -> SUNPOWER TECHNOLOGIES | AQ20: =Master_List!$AW$29 -> SPS 30-10 L | AR20: =Master_List!$AW$30 -> 11193-8527 | AS20: =Master_List!$AW$31 -> 0 | AT20: =Master_List!$AW$32 -> 0 | AU20: =Master_List!$AW$33 -> 0 | AV20: =Master_List!$AW$34 -> 0 | AW20: =Master_List!$AW$35 -> 0 | AX20: =Master_List!$AW$36 -> 0 | AY20: =Master_List!$AW$37 -> 0 | AZ20: =Master_List!$AW$38 -> 0 | BA20: =Master_List!$AW$39 -> 0 | BB20: 0dB | BC20: Normal | BD20: {} | BE20: page10 | BF20: Visual Image Path | BG20: =BG19 -> C:\Users\aremi\Desktop\REPORT CBM\PO 42289580 - Pahang 11kV SECOND CYCLE AZZAD 2026\RAW MATERIAL\047. TNB BARU (IR+VI)\RAW DATA\IR | BH20: 19.jpg
A21: 10 | B21: Panel2 | C21: 1 | D21: 02. swg-panel.docx | E21: 10 | F21: =Master_List!$AW$1 -> PERPUSTAKAAN PUSAT | G21: =Master_List!$AW$2 -> 09:30 PM | H21: =Master_List!$AW$3 -> 20/07/2026 | I21: =Master_List!$AW$4 -> 28.5 | J21: =Master_List!$AW$5 -> 65 | K21: CABLE ENTRY | L21: =IFERROR(VLOOKUP(B21, Master_List!$A:$I, 2, FALSE), "-") -> JJB 87617 | M21: =IFERROR(VLOOKUP(B21, Master_List!$A:$I, 3, FALSE), "-") -> WISMA TNB | N21: =IFERROR(VLOOKUP(B21, Master_List!$A:$I, 4, FALSE), "-") -> NOT ACCESSIBLE | O21: =IFERROR(VLOOKUP(B21, Master_List!$A:$I, 5, FALSE), "-") -> OPEN | P21: =IFERROR(VLOOKUP(B21, Master_List!$A:$I, 6, FALSE), "-") | Q21: =IFERROR(VLOOKUP(B21, Master_List!$A:$I, 7, FALSE), "-") | R21: =IFERROR(VLOOKUP(B21, Master_List!$A:$I, 8, FALSE), "-") | S21: =IFERROR(VLOOKUP(B21, Master_List!$A:$I, 9, FALSE), "-") -> 24DU738_1015 | T21: =Master_List!$AW$6 -> TOSHIBA | U21: =Master_List!$AW$7 -> MRMU | V21: =Master_List!$AW$8 -> 12kV | W21: =Master_List!$AW$9 -> 2S1F | X21: =Master_List!$AW$10 -> MTM | Y21: =Master_List!$AW$11 -> HERMETICALLY SEAL | Z21: =Master_List!$AW$12 -> 750kVA | AA21: =Master_List!$AW$13 -> 1317 | AB21: =Master_List!$AW$14 -> 0 | AC21: =Master_List!$AW$15 -> 0 | AD21: =Master_List!$AW$16 -> 0 | AE21: =Master_List!$AW$17 -> 0 | AF21: =Master_List!$AW$18 -> INDKOM | AG21: =Master_List!$AW$19 -> J-SLOTTED | AH21: =Master_List!$AW$20 -> 1600A | AI21: =Master_List!$AW$21 -> LV5080090 | AJ21: =Master_List!$AW$22 -> LVDB TX1 | AK21: =Master_List!$AW$23 -> 0 | AL21: =Master_List!$AW$24 -> 0 | AM21: =Master_List!$AW$25 -> 0 | AN21: =Master_List!$AW$26 -> 0 | AO21: =Master_List!$AW$27 -> LVDB TX2 | AP21: =Master_List!$AW$28 -> SUNPOWER TECHNOLOGIES | AQ21: =Master_List!$AW$29 -> SPS 30-10 L | AR21: =Master_List!$AW$30 -> 11193-8527 | AS21: =Master_List!$AW$31 -> 0 | AT21: =Master_List!$AW$32 -> 0 | AU21: =Master_List!$AW$33 -> 0 | AV21: =Master_List!$AW$34 -> 0 | AW21: =Master_List!$AW$35 -> 0 | AX21: =Master_List!$AW$36 -> 0 | AY21: =Master_List!$AW$37 -> 0 | AZ21: =Master_List!$AW$38 -> 0 | BA21: =Master_List!$AW$39 -> 0 | BB21: 0dB | BC21: Normal | BD21: {} | BE21: page10 | BF21: IR Image Path | BG21: =BG20 -> C:\Users\aremi\Desktop\REPORT CBM\PO 42289580 - Pahang 11kV SECOND CYCLE AZZAD 2026\RAW MATERIAL\047. TNB BARU (IR+VI)\RAW DATA\IR | BH21: 20.jpg
A22: 11 | B22: Panel3 | C22: 1 | D22: 02. swg-panel.docx | E22: 11 | F22: =Master_List!$AW$1 -> PERPUSTAKAAN PUSAT | G22: =Master_List!$AW$2 -> 09:30 PM | H22: =Master_List!$AW$3 -> 20/07/2026 | I22: =Master_List!$AW$4 -> 28.5 | J22: =Master_List!$AW$5 -> 65 | K22: CABLE COMPARTMENT | L22: =IFERROR(VLOOKUP(B22, Master_List!$A:$I, 2, FALSE), "-") -> JJB 87615 | M22: =IFERROR(VLOOKUP(B22, Master_List!$A:$I, 3, FALSE), "-") -> TX 750KVA | N22: =IFERROR(VLOOKUP(B22, Master_List!$A:$I, 4, FALSE), "-") -> NOT ACCESSIBLE | O22: =IFERROR(VLOOKUP(B22, Master_List!$A:$I, 5, FALSE), "-") -> CLOSE | P22: =IFERROR(VLOOKUP(B22, Master_List!$A:$I, 6, FALSE), "-") | Q22: =IFERROR(VLOOKUP(B22, Master_List!$A:$I, 7, FALSE), "-") | R22: =IFERROR(VLOOKUP(B22, Master_List!$A:$I, 8, FALSE), "-") | S22: =IFERROR(VLOOKUP(B22, Master_List!$A:$I, 9, FALSE), "-") -> 24DU738_1015 | T22: =Master_List!$AW$6 -> TOSHIBA | U22: =Master_List!$AW$7 -> MRMU | V22: =Master_List!$AW$8 -> 12kV | W22: =Master_List!$AW$9 -> 2S1F | X22: =Master_List!$AW$10 -> MTM | Y22: =Master_List!$AW$11 -> HERMETICALLY SEAL | Z22: =Master_List!$AW$12 -> 750kVA | AA22: =Master_List!$AW$13 -> 1317 | AB22: =Master_List!$AW$14 -> 0 | AC22: =Master_List!$AW$15 -> 0 | AD22: =Master_List!$AW$16 -> 0 | AE22: =Master_List!$AW$17 -> 0 | AF22: =Master_List!$AW$18 -> INDKOM | AG22: =Master_List!$AW$19 -> J-SLOTTED | AH22: =Master_List!$AW$20 -> 1600A | AI22: =Master_List!$AW$21 -> LV5080090 | AJ22: =Master_List!$AW$22 -> LVDB TX1 | AK22: =Master_List!$AW$23 -> 0 | AL22: =Master_List!$AW$24 -> 0 | AM22: =Master_List!$AW$25 -> 0 | AN22: =Master_List!$AW$26 -> 0 | AO22: =Master_List!$AW$27 -> LVDB TX2 | AP22: =Master_List!$AW$28 -> SUNPOWER TECHNOLOGIES | AQ22: =Master_List!$AW$29 -> SPS 30-10 L | AR22: =Master_List!$AW$30 -> 11193-8527 | AS22: =Master_List!$AW$31 -> 0 | AT22: =Master_List!$AW$32 -> 0 | AU22: =Master_List!$AW$33 -> 0 | AV22: =Master_List!$AW$34 -> 0 | AW22: =Master_List!$AW$35 -> 0 | AX22: =Master_List!$AW$36 -> 0 | AY22: =Master_List!$AW$37 -> 0 | AZ22: =Master_List!$AW$38 -> 0 | BA22: =Master_List!$AW$39 -> 0 | BB22: 0dB | BC22: Normal | BD22: {} | BE22: page11 | BF22: Visual Image Path | BG22: =BG21 -> C:\Users\aremi\Desktop\REPORT CBM\PO 42289580 - Pahang 11kV SECOND CYCLE AZZAD 2026\RAW MATERIAL\047. TNB BARU (IR+VI)\RAW DATA\IR | BH22: 21.jpg
A23: 11 | B23: Panel3 | C23: 1 | D23: 02. swg-panel.docx | E23: 11 | F23: =Master_List!$AW$1 -> PERPUSTAKAAN PUSAT | G23: =Master_List!$AW$2 -> 09:30 PM | H23: =Master_List!$AW$3 -> 20/07/2026 | I23: =Master_List!$AW$4 -> 28.5 | J23: =Master_List!$AW$5 -> 65 | K23: CABLE COMPARTMENT | L23: =IFERROR(VLOOKUP(B23, Master_List!$A:$I, 2, FALSE), "-") -> JJB 87615 | M23: =IFERROR(VLOOKUP(B23, Master_List!$A:$I, 3, FALSE), "-") -> TX 750KVA | N23: =IFERROR(VLOOKUP(B23, Master_List!$A:$I, 4, FALSE), "-") -> NOT ACCESSIBLE | O23: =IFERROR(VLOOKUP(B23, Master_List!$A:$I, 5, FALSE), "-") -> CLOSE | P23: =IFERROR(VLOOKUP(B23, Master_List!$A:$I, 6, FALSE), "-") | Q23: =IFERROR(VLOOKUP(B23, Master_List!$A:$I, 7, FALSE), "-") | R23: =IFERROR(VLOOKUP(B23, Master_List!$A:$I, 8, FALSE), "-") | S23: =IFERROR(VLOOKUP(B23, Master_List!$A:$I, 9, FALSE), "-") -> 24DU738_1015 | T23: =Master_List!$AW$6 -> TOSHIBA | U23: =Master_List!$AW$7 -> MRMU | V23: =Master_List!$AW$8 -> 12kV | W23: =Master_List!$AW$9 -> 2S1F | X23: =Master_List!$AW$10 -> MTM | Y23: =Master_List!$AW$11 -> HERMETICALLY SEAL | Z23: =Master_List!$AW$12 -> 750kVA | AA23: =Master_List!$AW$13 -> 1317 | AB23: =Master_List!$AW$14 -> 0 | AC23: =Master_List!$AW$15 -> 0 | AD23: =Master_List!$AW$16 -> 0 | AE23: =Master_List!$AW$17 -> 0 | AF23: =Master_List!$AW$18 -> INDKOM | AG23: =Master_List!$AW$19 -> J-SLOTTED | AH23: =Master_List!$AW$20 -> 1600A | AI23: =Master_List!$AW$21 -> LV5080090 | AJ23: =Master_List!$AW$22 -> LVDB TX1 | AK23: =Master_List!$AW$23 -> 0 | AL23: =Master_List!$AW$24 -> 0 | AM23: =Master_List!$AW$25 -> 0 | AN23: =Master_List!$AW$26 -> 0 | AO23: =Master_List!$AW$27 -> LVDB TX2 | AP23: =Master_List!$AW$28 -> SUNPOWER TECHNOLOGIES | AQ23: =Master_List!$AW$29 -> SPS 30-10 L | AR23: =Master_List!$AW$30 -> 11193-8527 | AS23: =Master_List!$AW$31 -> 0 | AT23: =Master_List!$AW$32 -> 0 | AU23: =Master_List!$AW$33 -> 0 | AV23: =Master_List!$AW$34 -> 0 | AW23: =Master_List!$AW$35 -> 0 | AX23: =Master_List!$AW$36 -> 0 | AY23: =Master_List!$AW$37 -> 0 | AZ23: =Master_List!$AW$38 -> 0 | BA23: =Master_List!$AW$39 -> 0 | BB23: 0dB | BC23: Normal | BD23: {} | BE23: page11 | BF23: IR Image Path | BG23: =BG22 -> C:\Users\aremi\Desktop\REPORT CBM\PO 42289580 - Pahang 11kV SECOND CYCLE AZZAD 2026\RAW MATERIAL\047. TNB BARU (IR+VI)\RAW DATA\IR | BH23: 22.jpg
A24: 12 | B24: Panel3 | C24: 1 | D24: 02. swg-panel.docx | E24: 12 | F24: =Master_List!$AW$1 -> PERPUSTAKAAN PUSAT | G24: =Master_List!$AW$2 -> 09:30 PM | H24: =Master_List!$AW$3 -> 20/07/2026 | I24: =Master_List!$AW$4 -> 28.5 | J24: =Master_List!$AW$5 -> 65 | K24: CABLE ENTRY | L24: =IFERROR(VLOOKUP(B24, Master_List!$A:$I, 2, FALSE), "-") -> JJB 87615 | M24: =IFERROR(VLOOKUP(B24, Master_List!$A:$I, 3, FALSE), "-") -> TX 750KVA | N24: =IFERROR(VLOOKUP(B24, Master_List!$A:$I, 4, FALSE), "-") -> NOT ACCESSIBLE | O24: =IFERROR(VLOOKUP(B24, Master_List!$A:$I, 5, FALSE), "-") -> CLOSE | P24: =IFERROR(VLOOKUP(B24, Master_List!$A:$I, 6, FALSE), "-") | Q24: =IFERROR(VLOOKUP(B24, Master_List!$A:$I, 7, FALSE), "-") | R24: =IFERROR(VLOOKUP(B24, Master_List!$A:$I, 8, FALSE), "-") | S24: =IFERROR(VLOOKUP(B24, Master_List!$A:$I, 9, FALSE), "-") -> 24DU738_1015 | T24: =Master_List!$AW$6 -> TOSHIBA | U24: =Master_List!$AW$7 -> MRMU | V24: =Master_List!$AW$8 -> 12kV | W24: =Master_List!$AW$9 -> 2S1F | X24: =Master_List!$AW$10 -> MTM | Y24: =Master_List!$AW$11 -> HERMETICALLY SEAL | Z24: =Master_List!$AW$12 -> 750kVA | AA24: =Master_List!$AW$13 -> 1317 | AB24: =Master_List!$AW$14 -> 0 | AC24: =Master_List!$AW$15 -> 0 | AD24: =Master_List!$AW$16 -> 0 | AE24: =Master_List!$AW$17 -> 0 | AF24: =Master_List!$AW$18 -> INDKOM | AG24: =Master_List!$AW$19 -> J-SLOTTED | AH24: =Master_List!$AW$20 -> 1600A | AI24: =Master_List!$AW$21 -> LV5080090 | AJ24: =Master_List!$AW$22 -> LVDB TX1 | AK24: =Master_List!$AW$23 -> 0 | AL24: =Master_List!$AW$24 -> 0 | AM24: =Master_List!$AW$25 -> 0 | AN24: =Master_List!$AW$26 -> 0 | AO24: =Master_List!$AW$27 -> LVDB TX2 | AP24: =Master_List!$AW$28 -> SUNPOWER TECHNOLOGIES | AQ24: =Master_List!$AW$29 -> SPS 30-10 L | AR24: =Master_List!$AW$30 -> 11193-8527 | AS24: =Master_List!$AW$31 -> 0 | AT24: =Master_List!$AW$32 -> 0 | AU24: =Master_List!$AW$33 -> 0 | AV24: =Master_List!$AW$34 -> 0 | AW24: =Master_List!$AW$35 -> 0 | AX24: =Master_List!$AW$36 -> 0 | AY24: =Master_List!$AW$37 -> 0 | AZ24: =Master_List!$AW$38 -> 0 | BA24: =Master_List!$AW$39 -> 0 | BB24: 0dB | BC24: Normal | BD24: {} | BE24: page12 | BF24: Visual Image Path | BG24: =BG23 -> C:\Users\aremi\Desktop\REPORT CBM\PO 42289580 - Pahang 11kV SECOND CYCLE AZZAD 2026\RAW MATERIAL\047. TNB BARU (IR+VI)\RAW DATA\IR | BH24: 23.jpg
A25: 12 | B25: Panel3 | C25: 1 | D25: 02. swg-panel.docx | E25: 12 | F25: =Master_List!$AW$1 -> PERPUSTAKAAN PUSAT | G25: =Master_List!$AW$2 -> 09:30 PM | H25: =Master_List!$AW$3 -> 20/07/2026 | I25: =Master_List!$AW$4 -> 28.5 | J25: =Master_List!$AW$5 -> 65 | K25: CABLE ENTRY | L25: =IFERROR(VLOOKUP(B25, Master_List!$A:$I, 2, FALSE), "-") -> JJB 87615 | M25: =IFERROR(VLOOKUP(B25, Master_List!$A:$I, 3, FALSE), "-") -> TX 750KVA | N25: =IFERROR(VLOOKUP(B25, Master_List!$A:$I, 4, FALSE), "-") -> NOT ACCESSIBLE | O25: =IFERROR(VLOOKUP(B25, Master_List!$A:$I, 5, FALSE), "-") -> CLOSE | P25: =IFERROR(VLOOKUP(B25, Master_List!$A:$I, 6, FALSE), "-") | Q25: =IFERROR(VLOOKUP(B25, Master_List!$A:$I, 7, FALSE), "-") | R25: =IFERROR(VLOOKUP(B25, Master_List!$A:$I, 8, FALSE), "-") | S25: =IFERROR(VLOOKUP(B25, Master_List!$A:$I, 9, FALSE), "-") -> 24DU738_1015 | T25: =Master_List!$AW$6 -> TOSHIBA | U25: =Master_List!$AW$7 -> MRMU | V25: =Master_List!$AW$8 -> 12kV | W25: =Master_List!$AW$9 -> 2S1F | X25: =Master_List!$AW$10 -> MTM | Y25: =Master_List!$AW$11 -> HERMETICALLY SEAL | Z25: =Master_List!$AW$12 -> 750kVA | AA25: =Master_List!$AW$13 -> 1317 | AB25: =Master_List!$AW$14 -> 0 | AC25: =Master_List!$AW$15 -> 0 | AD25: =Master_List!$AW$16 -> 0 | AE25: =Master_List!$AW$17 -> 0 | AF25: =Master_List!$AW$18 -> INDKOM | AG25: =Master_List!$AW$19 -> J-SLOTTED | AH25: =Master_List!$AW$20 -> 1600A | AI25: =Master_List!$AW$21 -> LV5080090 | AJ25: =Master_List!$AW$22 -> LVDB TX1 | AK25: =Master_List!$AW$23 -> 0 | AL25: =Master_List!$AW$24 -> 0 | AM25: =Master_List!$AW$25 -> 0 | AN25: =Master_List!$AW$26 -> 0 | AO25: =Master_List!$AW$27 -> LVDB TX2 | AP25: =Master_List!$AW$28 -> SUNPOWER TECHNOLOGIES | AQ25: =Master_List!$AW$29 -> SPS 30-10 L | AR25: =Master_List!$AW$30 -> 11193-8527 | AS25: =Master_List!$AW$31 -> 0 | AT25: =Master_List!$AW$32 -> 0 | AU25: =Master_List!$AW$33 -> 0 | AV25: =Master_List!$AW$34 -> 0 | AW25: =Master_List!$AW$35 -> 0 | AX25: =Master_List!$AW$36 -> 0 | AY25: =Master_List!$AW$37 -> 0 | AZ25: =Master_List!$AW$38 -> 0 | BA25: =Master_List!$AW$39 -> 0 | BB25: 0dB | BC25: Normal | BD25: {} | BE25: page12 | BF25: IR Image Path | BG25: =BG24 -> C:\Users\aremi\Desktop\REPORT CBM\PO 42289580 - Pahang 11kV SECOND CYCLE AZZAD 2026\RAW MATERIAL\047. TNB BARU (IR+VI)\RAW DATA\IR | BH25: 24.jpg
... A53: 26 | B53: Panel10 | C53: 1 | D53: 02. swg-panel.docx | E53: 26 | F53: =Master_List!$AW$1 -> PERPUSTAKAAN PUSAT | G53: =Master_List!$AW$2 -> 09:30 PM | H53: =Master_List!$AW$3 -> 20/07/2026 | I53: =Master_List!$AW$4 -> 28.5 | J53: =Master_List!$AW$5 -> 65 | K53: CABLE ENTRY | L53: =IFERROR(VLOOKUP(B53, Master_List!$A:$I, 2, FALSE), "-") | M53: =IFERROR(VLOOKUP(B53, Master_List!$A:$I, 3, FALSE), "-") | N53: =IFERROR(VLOOKUP(B53, Master_List!$A:$I, 4, FALSE), "-") | O53: =IFERROR(VLOOKUP(B53, Master_List!$A:$I, 5, FALSE), "-") | P53: =IFERROR(VLOOKUP(B53, Master_List!$A:$I, 6, FALSE), "-") | Q53: =IFERROR(VLOOKUP(B53, Master_List!$A:$I, 7, FALSE), "-") | R53: =IFERROR(VLOOKUP(B53, Master_List!$A:$I, 8, FALSE), "-") | S53: =IFERROR(VLOOKUP(B53, Master_List!$A:$I, 9, FALSE), "-") | T53: =Master_List!$AW$6 -> TOSHIBA | U53: =Master_List!$AW$7 -> MRMU | V53: =Master_List!$AW$8 -> 12kV | W53: =Master_List!$AW$9 -> 2S1F | X53: =Master_List!$AW$10 -> MTM | Y53: =Master_List!$AW$11 -> HERMETICALLY SEAL | Z53: =Master_List!$AW$12 -> 750kVA | AA53: =Master_List!$AW$13 -> 1317 | AB53: =Master_List!$AW$14 -> 0 | AC53: =Master_List!$AW$15 -> 0 | AD53: =Master_List!$AW$16 -> 0 | AE53: =Master_List!$AW$17 -> 0 | AF53: =Master_List!$AW$18 -> INDKOM | AG53: =Master_List!$AW$19 -> J-SLOTTED | AH53: =Master_List!$AW$20 -> 1600A | AI53: =Master_List!$AW$21 -> LV5080090 | AJ53: =Master_List!$AW$22 -> LVDB TX1 | AK53: =Master_List!$AW$23 -> 0 | AL53: =Master_List!$AW$24 -> 0 | AM53: =Master_List!$AW$25 -> 0 | AN53: =Master_List!$AW$26 -> 0 | AO53: =Master_List!$AW$27 -> LVDB TX2 | AP53: =Master_List!$AW$28 -> SUNPOWER TECHNOLOGIES | AQ53: =Master_List!$AW$29 -> SPS 30-10 L | AR53: =Master_List!$AW$30 -> 11193-8527 | AS53: =Master_List!$AW$31 -> 0 | AT53: =Master_List!$AW$32 -> 0 | AU53: =Master_List!$AW$33 -> 0 | AV53: =Master_List!$AW$34 -> 0 | AW53: =Master_List!$AW$35 -> 0 | AX53: =Master_List!$AW$36 -> 0 | AY53: =Master_List!$AW$37 -> 0 | AZ53: =Master_List!$AW$38 -> 0 | BA53: =Master_List!$AW$39 -> 0 | BB53: 0dB | BC53: Normal | BD53: {} | BE53: page26 | BF53: IR Image Path | BG53: =BG52 -> C:\Users\aremi\Desktop\REPORT CBM\PO 42289580 - Pahang 11kV SECOND CYCLE AZZAD 2026\RAW MATERIAL\047. TNB BARU (IR+VI)\RAW DATA\IR | BH53: 52.jpg
A54: 27 | B54: TX1 | C54: 1 | D54: 03. tx1-overview.docx | E54: 27 | F54: =Master_List!$AW$1 -> PERPUSTAKAAN PUSAT | G54: =Master_List!$AW$2 -> 09:30 PM | H54: =Master_List!$AW$3 -> 20/07/2026 | I54: =Master_List!$AW$4 -> 28.5 | J54: =Master_List!$AW$5 -> 65 | K54: OVERVIEW | L54: 1 | T54: =Master_List!$AW$6 -> TOSHIBA | U54: =Master_List!$AW$7 -> MRMU | V54: =Master_List!$AW$8 -> 12kV | W54: =Master_List!$AW$9 -> 2S1F | X54: =Master_List!$AW$10 -> MTM | Y54: =Master_List!$AW$11 -> HERMETICALLY SEAL | Z54: =Master_List!$AW$12 -> 750kVA | AA54: =Master_List!$AW$13 -> 1317 | AB54: =Master_List!$AW$14 -> 0 | AC54: =Master_List!$AW$15 -> 0 | AD54: =Master_List!$AW$16 -> 0 | AE54: =Master_List!$AW$17 -> 0 | AF54: =Master_List!$AW$18 -> INDKOM | AG54: =Master_List!$AW$19 -> J-SLOTTED | AH54: =Master_List!$AW$20 -> 1600A | AI54: =Master_List!$AW$21 -> LV5080090 | AJ54: =Master_List!$AW$22 -> LVDB TX1 | AK54: =Master_List!$AW$23 -> 0 | AL54: =Master_List!$AW$24 -> 0 | AM54: =Master_List!$AW$25 -> 0 | AN54: =Master_List!$AW$26 -> 0 | AO54: =Master_List!$AW$27 -> LVDB TX2 | AP54: =Master_List!$AW$28 -> SUNPOWER TECHNOLOGIES | AQ54: =Master_List!$AW$29 -> SPS 30-10 L | AR54: =Master_List!$AW$30 -> 11193-8527 | AS54: =Master_List!$AW$31 -> 0 | AT54: =Master_List!$AW$32 -> 0 | AU54: =Master_List!$AW$33 -> 0 | AV54: =Master_List!$AW$34 -> 0 | AW54: =Master_List!$AW$35 -> 0 | AX54: =Master_List!$AW$36 -> 0 | AY54: =Master_List!$AW$37 -> 0 | AZ54: =Master_List!$AW$38 -> 0 | BA54: =Master_List!$AW$39 -> 0 | BB54: 0dB | BC54: Normal | BD54: {} | BE54: page27 | BF54: Visual Image Path | BG54: =BG53 -> C:\Users\aremi\Desktop\REPORT CBM\PO 42289580 - Pahang 11kV SECOND CYCLE AZZAD 2026\RAW MATERIAL\047. TNB BARU (IR+VI)\RAW DATA\IR | BH54: 53.jpg
A55: 27 | B55: TX1 | C55: 1 | D55: 03. tx1-overview.docx | E55: 27 | F55: =Master_List!$AW$1 -> PERPUSTAKAAN PUSAT | G55: =Master_List!$AW$2 -> 09:30 PM | H55: =Master_List!$AW$3 -> 20/07/2026 | I55: =Master_List!$AW$4 -> 28.5 | J55: =Master_List!$AW$5 -> 65 | K55: OVERVIEW | L55: 1 | T55: =Master_List!$AW$6 -> TOSHIBA | U55: =Master_List!$AW$7 -> MRMU | V55: =Master_List!$AW$8 -> 12kV | W55: =Master_List!$AW$9 -> 2S1F | X55: =Master_List!$AW$10 -> MTM | Y55: =Master_List!$AW$11 -> HERMETICALLY SEAL | Z55: =Master_List!$AW$12 -> 750kVA | AA55: =Master_List!$AW$13 -> 1317 | AB55: =Master_List!$AW$14 -> 0 | AC55: =Master_List!$AW$15 -> 0 | AD55: =Master_List!$AW$16 -> 0 | AE55: =Master_List!$AW$17 -> 0 | AF55: =Master_List!$AW$18 -> INDKOM | AG55: =Master_List!$AW$19 -> J-SLOTTED | AH55: =Master_List!$AW$20 -> 1600A | AI55: =Master_List!$AW$21 -> LV5080090 | AJ55: =Master_List!$AW$22 -> LVDB TX1 | AK55: =Master_List!$AW$23 -> 0 | AL55: =Master_List!$AW$24 -> 0 | AM55: =Master_List!$AW$25 -> 0 | AN55: =Master_List!$AW$26 -> 0 | AO55: =Master_List!$AW$27 -> LVDB TX2 | AP55: =Master_List!$AW$28 -> SUNPOWER TECHNOLOGIES | AQ55: =Master_List!$AW$29 -> SPS 30-10 L | AR55: =Master_List!$AW$30 -> 11193-8527 | AS55: =Master_List!$AW$31 -> 0 | AT55: =Master_List!$AW$32 -> 0 | AU55: =Master_List!$AW$33 -> 0 | AV55: =Master_List!$AW$34 -> 0 | AW55: =Master_List!$AW$35 -> 0 | AX55: =Master_List!$AW$36 -> 0 | AY55: =Master_List!$AW$37 -> 0 | AZ55: =Master_List!$AW$38 -> 0 | BA55: =Master_List!$AW$39 -> 0 | BB55: 0dB | BC55: Normal | BD55: {} | BE55: page27 | BF55: IR Image Path | BG55: =BG54 -> C:\Users\aremi\Desktop\REPORT CBM\PO 42289580 - Pahang 11kV SECOND CYCLE AZZAD 2026\RAW MATERIAL\047. TNB BARU (IR+VI)\RAW DATA\IR | BH55: 54.jpg
